store_name,store_id,visitor_review_count,blog_review_count,rating,writer,date,visit_type,visit_count
호빈,1755459807,62,199,0,NeverStopExploring,1.11.일,저녁에 방문,1번째 방문
옥동식,859857359,2577,3350,0,junland1,1.12.월,저녁에 방문,1번째 방문
옥동식,859857359,2577,3350,0,dawnNmoon,1.8.목,저녁에 방문,1번째 방문
옥동식,859857359,2577,3350,0,eemat,1.2.금,점심에 방문,1번째 방문
옥동식,859857359,2577,3350,0,이앵앵,1.2.금,점심에 방문,1번째 방문
옥동식,859857359,2577,3350,0,kkr****,25.12.31.수,저녁에 방문,1번째 방문
옥동식,859857359,2577,3350,0,Rotterdam,25.12.30.화,점심에 방문,1번째 방문
옥동식,859857359,2577,3350,0,WON0,25.12.30.화,점심에 방문,1번째 방문
옥동식,859857359,2577,3350,0,프로필3885,25.12.30.화,점심에 방문,1번째 방문
옥동식,859857359,2577,3350,0,먹으러떠나는중,25.12.29.월,저녁에 방문,1번째 방문
옥동식,859857359,2577,3350,0,오늘도 배고프다,25.12.29.월,저녁에 방문,1번째 방문
옥동식,859857359,2577,3350,0,맹순이71,25.12.29.월,점심에 방문,1번째 방문
옥동식,859857359,2577,3350,0,시켜줘마포구보안관,25.12.27.토,점심에 방문,1번째 방문
옥동식,859857359,2577,3350,0,자 유 자 재,25.12.26.금,저녁에 방문,1번째 방문
옥동식,859857359,2577,3350,0,Rainbow3429,25.12.25.목,저녁에 방문,1번째 방문
옥동식,859857359,2577,3350,0,불량감자7609,25.12.25.목,저녁에 방문,1번째 방문
옥동식,859857359,2577,3350,0,손쫑구,25.12.25.목,점심에 방문,1번째 방문
옥동식,859857359,2577,3350,0,오뚜커플,25.12.25.목,점심에 방문,1번째 방문
옥동식,859857359,2577,3350,0,NRSA,25.12.24.수,저녁에 방문,1번째 방문
옥동식,859857359,2577,3350,0,Celys17,25.12.24.수,점심에 방문,1번째 방문
옥동식,859857359,2577,3350,0,행운군30,25.12.23.화,저녁에 방문,1번째 방문
옥동식,859857359,2577,3350,0,쥐방우리,25.12.23.화,점심에 방문,1번째 방문
옥동식,859857359,2577,3350,0,jan****,25.12.23.화,점심에 방문,1번째 방문
옥동식,859857359,2577,3350,0,진파리다,25.12.23.화,점심에 방문,1번째 방문
옥동식,859857359,2577,3350,0,하진이랑빡빡이,25.12.22.월,저녁에 방문,1번째 방문
옥동식,859857359,2577,3350,0,닭도리탕2,25.12.21.일,저녁에 방문,1번째 방문
옥동식,859857359,2577,3350,0,Yulmaeng,25.12.17.수,저녁에 방문,2번째 방문
옥동식,859857359,2577,3350,0,라라랜드4397,25.12.10.수,저녁에 방문,1번째 방문
옥동식,859857359,2577,3350,0,skyLOVE,25.12.9.화,점심에 방문,3번째 방문
오리지널 넘버스,1524329439,24,88,0,드렁큰곰돌,25.12.31.수,점심에 방문,1번째 방문
오리지널 넘버스,1524329439,24,88,0,양태자94,25.12.9.화,저녁에 방문,1번째 방문
수퍼판,36262174,174,408,0,백두에서한라한라에서백두로,25.12.18.목,저녁에 방문,1번째 방문
유용욱바베큐연구소,1385626049,98,359,0,나5201,25.12.12.금,점심에 방문,1번째 방문
조선 팰리스 이타닉 가든,1464664976,219,803,0,쨍이걸,1.9.금,저녁에 방문,1번째 방문
조선 팰리스 이타닉 가든,1464664976,219,803,0,ㅁㄴㅇ2735,1.3.토,점심에 방문,38번째 방문
조선 팰리스 이타닉 가든,1464664976,219,803,0,ㅁㄴㅇ2735,25.12.27.토,저녁에 방문,37번째 방문
조선 팰리스 이타닉 가든,1464664976,219,803,0,TOBEISTODO,25.12.13.토,저녁에 방문,1번째 방문
이목스모크다이닝,1476497628,75,484,0,hae****,25.12.20.토,저녁에 방문,1번째 방문
에그앤플라워,1937120968,709,1206,0,샛별3572,1.15.목,점심에 방문,1번째 방문
에그앤플라워,1937120968,709,1206,0,yji****,1.8.목,점심에 방문,1번째 방문
에그앤플라워,1937120968,709,1206,0,그냥 웃지6,1.8.목,점심에 방문,1번째 방문
에그앤플라워,1937120968,709,1206,0,와이너프리,1.5.월,점심에 방문,1번째 방문
에그앤플라워,1937120968,709,1206,0,당산최고의미녀Jeepoo,1.3.토,저녁에 방문,1번째 방문
에그앤플라워,1937120968,709,1206,0,bonniemouse,1.3.토,점심에 방문,1번째 방문
에그앤플라워,1937120968,709,1206,0,엘로Drop,25.12.22.월,점심에 방문,1번째 방문
에그앤플라워,1937120968,709,1206,0,abc613,25.12.19.금,저녁에 방문,1번째 방문
에그앤플라워,1937120968,709,1206,0,Dmstl3,25.12.13.토,점심에 방문,1번째 방문
라망시크레,1282957326,704,1359,0,로이32,1.13.화,점심에 방문,1번째 방문
라망시크레,1282957326,704,1359,0,빵이네tv,1.9.금,점심에 방문,1번째 방문
라망시크레,1282957326,704,1359,0,로사리아1425,25.12.30.화,저녁에 방문,3번째 방문
라망시크레,1282957326,704,1359,0,ㅁㄴㅇ2735,25.12.20.토,점심에 방문,33번째 방문
라망시크레,1282957326,704,1359,0,예쁜언니그대,25.12.12.금,점심에 방문,1번째 방문
라망시크레,1282957326,704,1359,0,jun****,25.12.9.화,아침에 방문,1번째 방문
윤서울,1698341503,61,318,0,JERRYKIM,25.12.20.토,점심에 방문,1번째 방문
독도16도,1709614699,25,122,0,LeadersoneCPA85,25.12.10.수,저녁에 방문,1번째 방문
뜨라또리아샘킴,1227565234,165,362,0,Lalaxianbin,25.12.25.목,저녁에 방문,1번째 방문
뜨라또리아샘킴,1227565234,165,362,0,snds,25.12.22.월,점심에 방문,1번째 방문
오스테리아샘킴,993990809,500,1235,0,와이너프리,1.13.화,저녁에 방문,1번째 방문
오스테리아샘킴,993990809,500,1235,0,JS9318,1.10.토,점심에 방문,1번째 방문
오스테리아샘킴,993990809,500,1235,0,뚜루루4042,1.7.수,저녁에 방문,1번째 방문
오스테리아샘킴,993990809,500,1235,0,밍찌27,1.3.토,저녁에 방문,1번째 방문
오스테리아샘킴,993990809,500,1235,0,두힛두힛츄,25.12.23.화,저녁에 방문,1번째 방문
오스테리아샘킴,993990809,500,1235,0,hyeonAc,25.12.12.금,점심에 방문,1번째 방문
도우룸,37351441,0,827,0,훈828,1.2.금,저녁에 방문,1번째 방문
도우룸,37351441,0,827,0,식단조절중,25.12.28.일,점심에 방문,1번째 방문
도우룸,37351441,0,827,0,깜디아빠,25.12.20.토,점심에 방문,1번째 방문
BISTROT de YOUNTVILLE,13201580,0,2127,0,드렁큰곰돌,1.11.일,저녁에 방문,1번째 방문
BISTROT de YOUNTVILLE,13201580,0,2127,0,상큼콤보,1.8.목,점심에 방문,1번째 방문
BISTROT de YOUNTVILLE,13201580,0,2127,0,유니바기,25.12.27.토,점심에 방문,1번째 방문
BISTROT de YOUNTVILLE,13201580,0,2127,0,까만언니,25.12.17.수,점심에 방문,1번째 방문
BISTROT de YOUNTVILLE,13201580,0,2127,0,자두주스좋아,25.12.12.금,저녁에 방문,1번째 방문
계향각,1009294529,311,382,0,나몰라라86,1.11.일,점심에 방문,1번째 방문
계향각,1009294529,311,382,0,지니소장,1.7.수,저녁에 방문,1번째 방문
계향각,1009294529,311,382,0,리자몽의역습,1.3.토,점심에 방문,1번째 방문
계향각,1009294529,311,382,0,쿠키앤크림마미,1.2.금,저녁에 방문,1번째 방문
계향각,1009294529,311,382,0,mihtatit,25.12.31.수,점심에 방문,3번째 방문
계향각,1009294529,311,382,0,abc6174,25.12.31.수,점심에 방문,1번째 방문
계향각,1009294529,311,382,0,수호천사90,25.12.28.일,저녁에 방문,1번째 방문
계향각,1009294529,311,382,0,cut****,25.12.25.목,점심에 방문,1번째 방문
계향각,1009294529,311,382,0,꾸르맛집탐방가,25.12.21.일,점심에 방문,1번째 방문
계향각,1009294529,311,382,0,민8275,25.12.20.토,점심에 방문,1번째 방문
계향각,1009294529,311,382,0,Djgj,25.12.18.목,저녁에 방문,1번째 방문
계향각,1009294529,311,382,0,한입만3,25.12.18.목,점심에 방문,1번째 방문
계향각,1009294529,311,382,0,Yoooooj1,25.12.17.수,점심에 방문,1번째 방문
계향각,1009294529,311,382,0,라자,25.12.14.일,점심에 방문,1번째 방문
계향각,1009294529,311,382,0,pms****,25.12.13.토,점심에 방문,4번째 방문
드레스덴 그린,1863884392,0,152,0,sj5dn,1.2.금,점심에 방문,1번째 방문
코자차,1777546474,27,94,0,신당동 먹보왕,25.12.19.금,점심에 방문,1번째 방문
서울로인 서울역점,1844062280,2108,2674,0,군것질쟁ol,1.15.목,저녁에 방문,1번째 방문
서울로인 서울역점,1844062280,2108,2674,0,꿀이꿀이꿀이,1.15.목,점심에 방문,1번째 방문
서울로인 서울역점,1844062280,2108,2674,0,Judieee,1.13.화,저녁에 방문,3번째 방문
서울로인 서울역점,1844062280,2108,2674,0,Appletree52,1.13.화,점심에 방문,1번째 방문
서울로인 서울역점,1844062280,2108,2674,0,비온뒤햇살가득58,1.12.월,저녁에 방문,1번째 방문
서울로인 서울역점,1844062280,2108,2674,0,귀코목,1.10.토,저녁에 방문,2번째 방문
서울로인 서울역점,1844062280,2108,2674,0,sat****,1.10.토,점심에 방문,1번째 방문
서울로인 서울역점,1844062280,2108,2674,0,지애짱65,1.9.금,저녁에 방문,1번째 방문
서울로인 서울역점,1844062280,2108,2674,0,blu****,1.9.금,저녁에 방문,1번째 방문
서울로인 서울역점,1844062280,2108,2674,0,그레이트YD81,1.7.수,저녁에 방문,1번째 방문
서울로인 서울역점,1844062280,2108,2674,0,주룽카와,1.7.수,점심에 방문,1번째 방문
서울로인 서울역점,1844062280,2108,2674,0,Lumij,1.7.수,점심에 방문,1번째 방문
서울로인 서울역점,1844062280,2108,2674,0,eun****,1.6.화,점심에 방문,1번째 방문
서울로인 서울역점,1844062280,2108,2674,0,santadog,1.5.월,저녁에 방문,1번째 방문
서울로인 서울역점,1844062280,2108,2674,0,루피9566,1.4.일,저녁에 방문,1번째 방문
서울로인 서울역점,1844062280,2108,2674,0,조은진90,1.4.일,점심에 방문,1번째 방문
서울로인 서울역점,1844062280,2108,2674,0,zsezse123,1.3.토,점심에 방문,1번째 방문
서울로인 서울역점,1844062280,2108,2674,0,min****,1.3.토,점심에 방문,1번째 방문
서울로인 서울역점,1844062280,2108,2674,0,미지수9035,1.3.토,점심에 방문,1번째 방문
서울로인 서울역점,1844062280,2108,2674,0,도마뱀372,1.2.금,저녁에 방문,1번째 방문
서울로인 서울역점,1844062280,2108,2674,0,G8f7d6,1.2.금,점심에 방문,1번째 방문
서울로인 서울역점,1844062280,2108,2674,0,막뜨는 먹투기중,1.2.금,점심에 방문,1번째 방문
서울로인 서울역점,1844062280,2108,2674,0,sophie24bj,1.2.금,점심에 방문,40번째 방문
서울로인 서울역점,1844062280,2108,2674,0,yeo****,1.1.목,점심에 방문,1번째 방문
서울로인 서울역점,1844062280,2108,2674,0,쩡2월드,25.12.27.토,저녁에 방문,1번째 방문
서울로인 서울역점,1844062280,2108,2674,0,sophie24bj,25.12.27.토,점심에 방문,39번째 방문
서울로인 서울역점,1844062280,2108,2674,0,dod****,25.12.26.금,저녁에 방문,1번째 방문
서울로인 서울역점,1844062280,2108,2674,0,rodman80,25.12.20.토,점심에 방문,1번째 방문
서울로인 서울역점,1844062280,2108,2674,0,readholic,25.12.18.목,저녁에 방문,1번째 방문
서울로인 서울역점,1844062280,2108,2674,0,반짝모리혜교코코엄마,25.12.17.수,점심에 방문,2번째 방문
서울로인 서울역점,1844062280,2108,2674,0,행복남10,25.12.16.화,저녁에 방문,1번째 방문
서울로인 서울역점,1844062280,2108,2674,0,sophie24bj,25.12.15.월,저녁에 방문,38번째 방문
서울로인 서울역점,1844062280,2108,2674,0,Jhoney123,25.12.13.토,저녁에 방문,1번째 방문
서울로인 서울역점,1844062280,2108,2674,0,JYQuality,25.12.13.토,점심에 방문,1번째 방문
서울로인 서울역점,1844062280,2108,2674,0,ahs****,25.12.13.토,점심에 방문,1번째 방문
서울로인 서울역점,1844062280,2108,2674,0,koaru7738,25.12.12.금,저녁에 방문,1번째 방문
서울로인 서울역점,1844062280,2108,2674,0,누구게83,25.12.12.금,저녁에 방문,1번째 방문
서울로인 서울역점,1844062280,2108,2674,0,금융아이돌,25.12.12.금,점심에 방문,1번째 방문
서울로인 서울역점,1844062280,2108,2674,0,삐삐앤뽕뽕,25.12.12.금,점심에 방문,1번째 방문
서울로인 서울역점,1844062280,2108,2674,0,연예인매니저,25.12.11.목,저녁에 방문,1번째 방문
서울로인 서울역점,1844062280,2108,2674,0,따라쟁이89,25.12.11.목,저녁에 방문,1번째 방문
서울로인 서울역점,1844062280,2108,2674,0,도토리맘마ㅋ,25.12.11.목,점심에 방문,1번째 방문
서울로인 서울역점,1844062280,2108,2674,0,몽키공주91,25.12.10.수,저녁에 방문,1번째 방문
서울로인 서울역점,1844062280,2108,2674,0,god****,25.12.10.수,점심에 방문,1번째 방문
서울로인 서울역점,1844062280,2108,2674,0,폭풍50,25.12.10.수,점심에 방문,1번째 방문
서울로인 서울역점,1844062280,2108,2674,0,pisces63,25.12.10.수,점심에 방문,1번째 방문
서울로인 서울역점,1844062280,2108,2674,0,아키몬드,25.12.10.수,점심에 방문,1번째 방문
콩두 명동,940470494,0,224,0,안드레이스,1.9.금,점심에 방문,1번째 방문
콩두 명동,940470494,0,224,0,ggong,25.12.24.수,저녁에 방문,1번째 방문
콩두 명동,940470494,0,224,0,Jayyyy,25.12.14.일,점심에 방문,1번째 방문
콩두 명동,940470494,0,224,0,수원뽀로로,25.12.12.금,저녁에 방문,1번째 방문
콩두 명동,940470494,0,224,0,서울뚱땡이,25.12.12.금,저녁에 방문,1번째 방문
콩두 명동,940470494,0,224,0,데렐라10,25.12.10.수,점심에 방문,1번째 방문
까델루뽀,13517637,0,883,0,김태62,1.14.수,저녁에 방문,5번째 방문
까델루뽀,13517637,0,883,0,아녜스3048,25.12.29.월,점심에 방문,1번째 방문
까델루뽀,13517637,0,883,0,두리두리두두,25.12.29.월,점심에 방문,1번째 방문
까델루뽀,13517637,0,883,0,JERRYKIM,25.12.20.토,저녁에 방문,1번째 방문
까델루뽀,13517637,0,883,0,나무판자아,25.12.18.목,저녁에 방문,1번째 방문
까델루뽀,13517637,0,883,0,규헌님,25.12.11.목,점심에 방문,1번째 방문
까델루뽀,13517637,0,883,0,JANETdimi,25.12.11.목,점심에 방문,1번째 방문
까델루뽀,13517637,0,883,0,SKY8888,25.12.10.수,점심에 방문,1번째 방문
까델루뽀,13517637,0,883,0,nar****,25.12.10.수,점심에 방문,1번째 방문
메이필드호텔 봉래헌,11678840,177,949,0,에너지절약모드,25.12.28.일,저녁에 방문,1번째 방문
메이필드호텔 봉래헌,11678840,177,949,0,로라v,25.12.20.토,점심에 방문,1번째 방문
테이블포포,20561198,0,1153,0,Mimi2662,1.7.수,저녁에 방문,1번째 방문
테이블포포,20561198,0,1153,0,먹진변,1.6.화,점심에 방문,1번째 방문
테이블포포,20561198,0,1153,0,장은미62,25.12.20.토,점심에 방문,1번째 방문
크라운돼지 신사본점,1014095921,0,473,0,태태김태빈,1.5.월,저녁에 방문,1번째 방문
크라운돼지 신사본점,1014095921,0,473,0,ydh3200,25.12.28.일,저녁에 방문,1번째 방문
크라운돼지 신사본점,1014095921,0,473,0,dlw****,25.12.20.토,점심에 방문,1번째 방문
크라운돼지 신사본점,1014095921,0,473,0,기미마머니,25.12.12.금,저녁에 방문,7번째 방문
고료리 켄,255351939,0,18,0,주름마왕,1.10.토,저녁에 방문,1번째 방문
뽀모,1288984341,47,38,0,건강한삶33,1.5.월,저녁에 방문,1번째 방문
뽀모,1288984341,47,38,0,와이너프리,1.2.금,저녁에 방문,1번째 방문
뽀모,1288984341,47,38,0,비 오는 맑은 날,1.2.금,저녁에 방문,1번째 방문
뽀모,1288984341,47,38,0,찐실의미간,1.1.목,점심에 방문,1번째 방문
뽀모,1288984341,47,38,0,sledge197645,25.12.28.일,점심에 방문,1번째 방문
칸세이,1844978265,138,60,0,guuni9195,1.15.목,점심에 방문,1번째 방문
칸세이,1844978265,138,60,0,소식러,25.12.26.금,점심에 방문,2번째 방문
칸세이,1844978265,138,60,0,glorian,25.12.25.목,점심에 방문,1번째 방문
칸세이,1844978265,138,60,0,먹또기,25.12.18.목,점심에 방문,1번째 방문
칸세이,1844978265,138,60,0,earthing,25.12.11.목,점심에 방문,2번째 방문
라오삐약,460261321,875,853,0,우단탄탄,1.14.수,점심에 방문,1번째 방문
라오삐약,460261321,875,853,0,고르고36,1.7.수,점심에 방문,1번째 방문
라오삐약,460261321,875,853,0,마스카54,1.6.화,점심에 방문,12번째 방문
라오삐약,460261321,875,853,0,푸른 하늘이 좋아,1.3.토,점심에 방문,1번째 방문
라오삐약,460261321,875,853,0,skyLOVE,25.12.30.화,점심에 방문,4번째 방문
라오삐약,460261321,875,853,0,레이디먹,25.12.30.화,점심에 방문,1번째 방문
라오삐약,460261321,875,853,0,마스카54,25.12.19.금,저녁에 방문,11번째 방문
온6.5,1438943339,213,813,0,sook77,25.12.12.금,저녁에 방문,1번째 방문
몽도,1667104753,92,137,0,ya****,25.12.26.금,점심에 방문,1번째 방문
어물전 청 한남점,1392821362,85,428,0,쩝쩝박사나야나,1.11.일,저녁에 방문,1번째 방문
어물전 청 한남점,1392821362,85,428,0,givethanks1,25.12.29.월,저녁에 방문,1번째 방문
어물전 청 한남점,1392821362,85,428,0,노당무,25.12.25.목,저녁에 방문,1번째 방문
어물전 청 한남점,1392821362,85,428,0,흐노니2853,25.12.25.목,점심에 방문,1번째 방문
페리지,1166721504,139,550,0,HeyYummy,1.6.화,저녁에 방문,1번째 방문
페리지,1166721504,139,550,0,민츄르,25.12.13.토,저녁에 방문,1번째 방문
갓포아키 삼성점,1491683807,296,512,0,별명8478,1.13.화,밤에 방문,1번째 방문
갓포아키 삼성점,1491683807,296,512,0,듀퐁15,1.7.수,저녁에 방문,1번째 방문
갓포아키 삼성점,1491683807,296,512,0,330055,1.1.목,저녁에 방문,1번째 방문
갓포아키 삼성점,1491683807,296,512,0,블로거뷰어008,25.12.30.화,밤에 방문,1번째 방문
갓포아키 삼성점,1491683807,296,512,0,냥냥이er,25.12.23.화,밤에 방문,1번째 방문
무탄 여의도점,1971705948,5769,832,0,배리베리 스트로베리 히비스커스,1.15.목,저녁에 방문,1번째 방문
무탄 여의도점,1971705948,5769,832,0,761931283649,1.15.목,저녁에 방문,1번째 방문
무탄 여의도점,1971705948,5769,832,0,차니짜니,1.15.목,저녁에 방문,2번째 방문
무탄 여의도점,1971705948,5769,832,0,애트리,1.15.목,저녁에 방문,1번째 방문
무탄 여의도점,1971705948,5769,832,0,우드락2,1.15.목,저녁에 방문,2번째 방문
무탄 여의도점,1971705948,5769,832,0,lin****,1.15.목,저녁에 방문,1번째 방문
무탄 여의도점,1971705948,5769,832,0,푸르르루67,1.15.목,저녁에 방문,1번째 방문
무탄 여의도점,1971705948,5769,832,0,sojuuungg,1.15.목,저녁에 방문,1번째 방문
무탄 여의도점,1971705948,5769,832,0,형권훈,1.15.목,저녁에 방문,1번째 방문
무탄 여의도점,1971705948,5769,832,0,이딕션,1.15.목,점심에 방문,1번째 방문
무탄 여의도점,1971705948,5769,832,0,Eliiin,1.15.목,점심에 방문,1번째 방문
무탄 여의도점,1971705948,5769,832,0,dd4951,1.15.목,점심에 방문,3번째 방문
무탄 여의도점,1971705948,5769,832,0,chrissung010518,1.15.목,점심에 방문,1번째 방문
무탄 여의도점,1971705948,5769,832,0,199****,1.15.목,점심에 방문,1번째 방문
무탄 여의도점,1971705948,5769,832,0,가나다1104,1.15.목,점심에 방문,1번째 방문
무탄 여의도점,1971705948,5769,832,0,시마지85,1.15.목,점심에 방문,1번째 방문
무탄 여의도점,1971705948,5769,832,0,hsw****,1.14.수,저녁에 방문,3번째 방문
무탄 여의도점,1971705948,5769,832,0,dls4490,1.14.수,저녁에 방문,1번째 방문
무탄 여의도점,1971705948,5769,832,0,Juui,1.14.수,저녁에 방문,1번째 방문
무탄 여의도점,1971705948,5769,832,0,jk1****,1.14.수,저녁에 방문,1번째 방문
무탄 여의도점,1971705948,5769,832,0,cho****,1.14.수,저녁에 방문,1번째 방문
무탄 여의도점,1971705948,5769,832,0,봉봉이72,1.14.수,저녁에 방문,1번째 방문
무탄 여의도점,1971705948,5769,832,0,고래상회,1.14.수,저녁에 방문,1번째 방문
무탄 여의도점,1971705948,5769,832,0,송송송80,1.14.수,점심에 방문,1번째 방문
무탄 여의도점,1971705948,5769,832,0,dk2cndnj392,1.14.수,점심에 방문,1번째 방문
무탄 여의도점,1971705948,5769,832,0,지나가던 담곰,1.14.수,점심에 방문,1번째 방문
무탄 여의도점,1971705948,5769,832,0,정민819,1.14.수,점심에 방문,1번째 방문
무탄 여의도점,1971705948,5769,832,0,하늘4575,1.14.수,점심에 방문,1번째 방문
무탄 여의도점,1971705948,5769,832,0,thyu8,1.14.수,점심에 방문,1번째 방문
무탄 여의도점,1971705948,5769,832,0,줌마9718,1.14.수,점심에 방문,5번째 방문
무탄 여의도점,1971705948,5769,832,0,차돌박이등심,1.14.수,점심에 방문,12번째 방문
무탄 여의도점,1971705948,5769,832,0,jhwa00,1.13.화,저녁에 방문,1번째 방문
무탄 여의도점,1971705948,5769,832,0,죤44,1.13.화,저녁에 방문,1번째 방문
무탄 여의도점,1971705948,5769,832,0,luv****,1.13.화,저녁에 방문,1번째 방문
무탄 여의도점,1971705948,5769,832,0,fpr****,1.13.화,저녁에 방문,1번째 방문
무탄 여의도점,1971705948,5769,832,0,dbs****,1.13.화,저녁에 방문,1번째 방문
무탄 여의도점,1971705948,5769,832,0,재혀나,1.13.화,저녁에 방문,1번째 방문
무탄 여의도점,1971705948,5769,832,0,상니4159,1.13.화,저녁에 방문,1번째 방문
무탄 여의도점,1971705948,5769,832,0,쿠택스,1.13.화,저녁에 방문,2번째 방문
무탄 여의도점,1971705948,5769,832,0,Yubinim,1.13.화,저녁에 방문,1번째 방문
무탄 여의도점,1971705948,5769,832,0,eois,1.13.화,저녁에 방문,1번째 방문
무탄 여의도점,1971705948,5769,832,0,빈수80,1.13.화,저녁에 방문,1번째 방문
무탄 여의도점,1971705948,5769,832,0,jun****,1.13.화,저녁에 방문,1번째 방문
무탄 여의도점,1971705948,5769,832,0,호니버터칩74,1.13.화,점심에 방문,1번째 방문
무탄 여의도점,1971705948,5769,832,0,성엘리,1.13.화,점심에 방문,1번째 방문
무탄 여의도점,1971705948,5769,832,0,겸둥이93,1.13.화,점심에 방문,1번째 방문
무탄 여의도점,1971705948,5769,832,0,줌마9718,1.13.화,점심에 방문,4번째 방문
무탄 여의도점,1971705948,5769,832,0,06d****,1.13.화,점심에 방문,2번째 방문
무탄 여의도점,1971705948,5769,832,0,20220324,1.12.월,저녁에 방문,1번째 방문
무탄 여의도점,1971705948,5769,832,0,SR14,1.12.월,저녁에 방문,1번째 방문
무탄 여의도점,1971705948,5769,832,0,해피걸50,1.12.월,저녁에 방문,1번째 방문
무탄 여의도점,1971705948,5769,832,0,nono78,1.12.월,저녁에 방문,2번째 방문
무탄 여의도점,1971705948,5769,832,0,앙트로,1.12.월,저녁에 방문,1번째 방문
무탄 여의도점,1971705948,5769,832,0,emr****,1.12.월,저녁에 방문,2번째 방문
무탄 여의도점,1971705948,5769,832,0,규8868,1.12.월,저녁에 방문,1번째 방문
무탄 여의도점,1971705948,5769,832,0,박원준86,1.12.월,저녁에 방문,2번째 방문
무탄 여의도점,1971705948,5769,832,0,하너나,1.12.월,저녁에 방문,1번째 방문
무탄 여의도점,1971705948,5769,832,0,alr****,1.12.월,저녁에 방문,1번째 방문
무탄 여의도점,1971705948,5769,832,0,nsh987053,1.12.월,점심에 방문,2번째 방문
무탄 여의도점,1971705948,5769,832,0,ojs****,1.12.월,점심에 방문,2번째 방문
무탄 여의도점,1971705948,5769,832,0,댕댕댕471,1.12.월,점심에 방문,1번째 방문
무탄 여의도점,1971705948,5769,832,0,eric78720,1.12.월,점심에 방문,1번째 방문
무탄 여의도점,1971705948,5769,832,0,gus****,1.12.월,점심에 방문,6번째 방문
무탄 여의도점,1971705948,5769,832,0,4ev****,1.12.월,점심에 방문,1번째 방문
무탄 여의도점,1971705948,5769,832,0,꿀땡13,1.12.월,점심에 방문,1번째 방문
무탄 여의도점,1971705948,5769,832,0,MJ5137,1.12.월,점심에 방문,1번째 방문
무탄 여의도점,1971705948,5769,832,0,cck****,1.12.월,밤에 방문,1번째 방문
무탄 여의도점,1971705948,5769,832,0,루루루루룰55,1.11.일,저녁에 방문,1번째 방문
무탄 여의도점,1971705948,5769,832,0,dlg****,1.11.일,저녁에 방문,3번째 방문
무탄 여의도점,1971705948,5769,832,0,랑순철,1.11.일,저녁에 방문,2번째 방문
무탄 여의도점,1971705948,5769,832,0,fra****,1.11.일,저녁에 방문,1번째 방문
무탄 여의도점,1971705948,5769,832,0,귤이맘1,1.11.일,저녁에 방문,1번째 방문
무탄 여의도점,1971705948,5769,832,0,pau****,1.11.일,저녁에 방문,1번째 방문
무탄 여의도점,1971705948,5769,832,0,tgl****,1.11.일,저녁에 방문,1번째 방문
무탄 여의도점,1971705948,5769,832,0,방탕후냥,1.11.일,저녁에 방문,1번째 방문
무탄 여의도점,1971705948,5769,832,0,gmrsh123,1.11.일,저녁에 방문,1번째 방문
무탄 여의도점,1971705948,5769,832,0,177727,1.11.일,저녁에 방문,2번째 방문
무탄 여의도점,1971705948,5769,832,0,페코7787,1.11.일,저녁에 방문,1번째 방문
무탄 여의도점,1971705948,5769,832,0,앙이당이73,1.11.일,저녁에 방문,1번째 방문
무탄 여의도점,1971705948,5769,832,0,나리아12,1.11.일,저녁에 방문,1번째 방문
무탄 여의도점,1971705948,5769,832,0,rl8****,1.11.일,점심에 방문,1번째 방문
무탄 여의도점,1971705948,5769,832,0,pbl****,1.11.일,점심에 방문,1번째 방문
무탄 여의도점,1971705948,5769,832,0,suk****,1.11.일,점심에 방문,1번째 방문
무탄 여의도점,1971705948,5769,832,0,Imkei,1.11.일,점심에 방문,1번째 방문
무탄 여의도점,1971705948,5769,832,0,tnw****,1.11.일,점심에 방문,1번째 방문
무탄 여의도점,1971705948,5769,832,0,달꼬마,1.11.일,점심에 방문,1번째 방문
무탄 여의도점,1971705948,5769,832,0,리슬링56,1.11.일,점심에 방문,1번째 방문
무탄 여의도점,1971705948,5769,832,0,sms639737,1.11.일,점심에 방문,1번째 방문
무탄 여의도점,1971705948,5769,832,0,반숙79,1.11.일,점심에 방문,1번째 방문
무탄 여의도점,1971705948,5769,832,0,나난나83,1.11.일,점심에 방문,1번째 방문
무탄 여의도점,1971705948,5769,832,0,kye****,1.11.일,점심에 방문,1번째 방문
무탄 여의도점,1971705948,5769,832,0,아라찌은,1.11.일,점심에 방문,1번째 방문
무탄 여의도점,1971705948,5769,832,0,영시니85,1.11.일,점심에 방문,2번째 방문
무탄 여의도점,1971705948,5769,832,0,ANT,1.11.일,점심에 방문,1번째 방문
무탄 여의도점,1971705948,5769,832,0,gof****,1.11.일,점심에 방문,1번째 방문
무탄 여의도점,1971705948,5769,832,0,자갈치아닌교,1.11.일,점심에 방문,3번째 방문
무탄 여의도점,1971705948,5769,832,0,www****,1.11.일,점심에 방문,1번째 방문
무탄 여의도점,1971705948,5769,832,0,Yecna,1.11.일,점심에 방문,1번째 방문
무탄 여의도점,1971705948,5769,832,0,조아해54,1.11.일,점심에 방문,1번째 방문
무탄 여의도점,1971705948,5769,832,0,플러유,1.11.일,점심에 방문,1번째 방문
무탄 여의도점,1971705948,5769,832,0,woo****,1.11.일,점심에 방문,1번째 방문
무탄 여의도점,1971705948,5769,832,0,까막이7,1.11.일,점심에 방문,1번째 방문
무탄 여의도점,1971705948,5769,832,0,6시27분,1.10.토,저녁에 방문,1번째 방문
무탄 여의도점,1971705948,5769,832,0,지니164,1.10.토,저녁에 방문,2번째 방문
무탄 여의도점,1971705948,5769,832,0,sep****,1.10.토,저녁에 방문,1번째 방문
무탄 여의도점,1971705948,5769,832,0,star11star11,1.10.토,저녁에 방문,1번째 방문
무탄 여의도점,1971705948,5769,832,0,lka****,1.10.토,저녁에 방문,1번째 방문
무탄 여의도점,1971705948,5769,832,0,SETTM,1.10.토,저녁에 방문,1번째 방문
무탄 여의도점,1971705948,5769,832,0,773****,1.10.토,저녁에 방문,1번째 방문
무탄 여의도점,1971705948,5769,832,0,dyd****,1.10.토,저녁에 방문,1번째 방문
무탄 여의도점,1971705948,5769,832,0,아뉴잇,1.10.토,저녁에 방문,2번째 방문
무탄 여의도점,1971705948,5769,832,0,o2sky222,1.10.토,저녁에 방문,1번째 방문
무탄 여의도점,1971705948,5769,832,0,curi5sity,1.10.토,저녁에 방문,1번째 방문
무탄 여의도점,1971705948,5769,832,0,xoxoxo25,1.10.토,저녁에 방문,1번째 방문
무탄 여의도점,1971705948,5769,832,0,제이오55,1.10.토,저녁에 방문,1번째 방문
무탄 여의도점,1971705948,5769,832,0,쑤기5248,1.10.토,저녁에 방문,1번째 방문
무탄 여의도점,1971705948,5769,832,0,블루윙즈82,1.10.토,저녁에 방문,1번째 방문
무탄 여의도점,1971705948,5769,832,0,박스31,1.10.토,저녁에 방문,1번째 방문
무탄 여의도점,1971705948,5769,832,0,보라도릥,1.10.토,저녁에 방문,1번째 방문
무탄 여의도점,1971705948,5769,832,0,soo****,1.10.토,저녁에 방문,1번째 방문
무탄 여의도점,1971705948,5769,832,0,박까불,1.10.토,저녁에 방문,1번째 방문
무탄 여의도점,1971705948,5769,832,0,bo****,1.10.토,저녁에 방문,1번째 방문
무탄 여의도점,1971705948,5769,832,0,칼리오페9228,1.10.토,저녁에 방문,1번째 방문
무탄 여의도점,1971705948,5769,832,0,먼지먼먼지,1.10.토,저녁에 방문,1번째 방문
무탄 여의도점,1971705948,5769,832,0,RnRn123,1.10.토,점심에 방문,1번째 방문
무탄 여의도점,1971705948,5769,832,0,초코칩42,1.10.토,점심에 방문,1번째 방문
무탄 여의도점,1971705948,5769,832,0,여울이1688,1.10.토,점심에 방문,1번째 방문
무탄 여의도점,1971705948,5769,832,0,xotama20061,1.10.토,점심에 방문,1번째 방문
무탄 여의도점,1971705948,5769,832,0,젠틀꼬꼬22,1.10.토,점심에 방문,1번째 방문
무탄 여의도점,1971705948,5769,832,0,벨테브레,1.10.토,점심에 방문,1번째 방문
무탄 여의도점,1971705948,5769,832,0,가나다24,1.10.토,점심에 방문,1번째 방문
무탄 여의도점,1971705948,5769,832,0,부릉펭귄,1.10.토,점심에 방문,1번째 방문
무탄 여의도점,1971705948,5769,832,0,0Jay0,1.10.토,점심에 방문,1번째 방문
무탄 여의도점,1971705948,5769,832,0,주디54,1.10.토,점심에 방문,1번째 방문
무탄 여의도점,1971705948,5769,832,0,CHOii,1.10.토,점심에 방문,1번째 방문
무탄 여의도점,1971705948,5769,832,0,kil****,1.10.토,점심에 방문,1번째 방문
무탄 여의도점,1971705948,5769,832,0,NK194,1.10.토,점심에 방문,1번째 방문
무탄 여의도점,1971705948,5769,832,0,목동45,1.10.토,점심에 방문,1번째 방문
무탄 여의도점,1971705948,5769,832,0,woozcolour,1.10.토,점심에 방문,1번째 방문
무탄 여의도점,1971705948,5769,832,0,jew****,1.10.토,점심에 방문,1번째 방문
무탄 여의도점,1971705948,5769,832,0,kim****,1.10.토,점심에 방문,1번째 방문
무탄 여의도점,1971705948,5769,832,0,루키2414,1.10.토,점심에 방문,1번째 방문
무탄 여의도점,1971705948,5769,832,0,mou****,1.10.토,점심에 방문,1번째 방문
무탄 여의도점,1971705948,5769,832,0,sss****,1.9.금,저녁에 방문,1번째 방문
무탄 여의도점,1971705948,5769,832,0,요술공주9175,1.9.금,저녁에 방문,1번째 방문
무탄 여의도점,1971705948,5769,832,0,enalta,1.9.금,저녁에 방문,1번째 방문
무탄 여의도점,1971705948,5769,832,0,on1211,1.9.금,저녁에 방문,1번째 방문
무탄 여의도점,1971705948,5769,832,0,lef****,1.9.금,저녁에 방문,1번째 방문
무탄 여의도점,1971705948,5769,832,0,이인성8957,1.9.금,저녁에 방문,1번째 방문
무탄 여의도점,1971705948,5769,832,0,chfhrquf1099,1.9.금,저녁에 방문,1번째 방문
무탄 여의도점,1971705948,5769,832,0,awesome94,1.9.금,저녁에 방문,1번째 방문
무탄 여의도점,1971705948,5769,832,0,28장인,1.9.금,저녁에 방문,1번째 방문
무탄 여의도점,1971705948,5769,832,0,초록색93,1.9.금,저녁에 방문,1번째 방문
무탄 여의도점,1971705948,5769,832,0,하나4370,1.9.금,저녁에 방문,1번째 방문
무탄 여의도점,1971705948,5769,832,0,절절포33,1.9.금,저녁에 방문,1번째 방문
무탄 여의도점,1971705948,5769,832,0,쎌1077,1.9.금,점심에 방문,1번째 방문
무탄 여의도점,1971705948,5769,832,0,듀리리리,1.9.금,점심에 방문,1번째 방문
무탄 여의도점,1971705948,5769,832,0,dainyi,1.9.금,점심에 방문,1번째 방문
무탄 여의도점,1971705948,5769,832,0,이영은0,1.9.금,점심에 방문,1번째 방문
무탄 여의도점,1971705948,5769,832,0,Seoyeong Jang,1.9.금,점심에 방문,1번째 방문
무탄 여의도점,1971705948,5769,832,0,jks****,1.9.금,점심에 방문,2번째 방문
무탄 여의도점,1971705948,5769,832,0,hye****,1.9.금,점심에 방문,1번째 방문
무탄 여의도점,1971705948,5769,832,0,yanni0121,1.9.금,점심에 방문,1번째 방문
무탄 여의도점,1971705948,5769,832,0,dam****,1.9.금,점심에 방문,1번째 방문
무탄 여의도점,1971705948,5769,832,0,ssi****,1.9.금,점심에 방문,1번째 방문
무탄 여의도점,1971705948,5769,832,0,wat****,1.8.목,저녁에 방문,1번째 방문
무탄 여의도점,1971705948,5769,832,0,eso****,1.8.목,저녁에 방문,1번째 방문
무탄 여의도점,1971705948,5769,832,0,미개한자한당국민들,1.8.목,점심에 방문,1번째 방문
무탄 여의도점,1971705948,5769,832,0,하문돌이,1.8.목,점심에 방문,1번째 방문
무탄 여의도점,1971705948,5769,832,0,aoa****,1.8.목,점심에 방문,1번째 방문
무탄 여의도점,1971705948,5769,832,0,njm****,1.8.목,점심에 방문,1번째 방문
무탄 여의도점,1971705948,5769,832,0,박상훈7362,1.8.목,점심에 방문,1번째 방문
무탄 여의도점,1971705948,5769,832,0,기서기43,1.8.목,점심에 방문,1번째 방문
무탄 여의도점,1971705948,5769,832,0,줌마9718,1.8.목,점심에 방문,3번째 방문
무탄 여의도점,1971705948,5769,832,0,ght****,1.8.목,점심에 방문,1번째 방문
무탄 여의도점,1971705948,5769,832,0,어른아이7,1.8.목,밤에 방문,1번째 방문
무탄 여의도점,1971705948,5769,832,0,kkkkew,1.7.수,저녁에 방문,1번째 방문
무탄 여의도점,1971705948,5769,832,0,hae0i,1.7.수,저녁에 방문,2번째 방문
무탄 여의도점,1971705948,5769,832,0,김동효60,1.7.수,저녁에 방문,1번째 방문
무탄 여의도점,1971705948,5769,832,0,anonbull,1.7.수,저녁에 방문,1번째 방문
무탄 여의도점,1971705948,5769,832,0,molly0904,1.7.수,저녁에 방문,1번째 방문
무탄 여의도점,1971705948,5769,832,0,뽀송언니60,1.7.수,저녁에 방문,1번째 방문
무탄 여의도점,1971705948,5769,832,0,jej****,1.7.수,저녁에 방문,1번째 방문
무탄 여의도점,1971705948,5769,832,0,qpd****,1.7.수,저녁에 방문,1번째 방문
무탄 여의도점,1971705948,5769,832,0,핑팬14,1.7.수,점심에 방문,1번째 방문
무탄 여의도점,1971705948,5769,832,0,lav****,1.7.수,점심에 방문,1번째 방문
무탄 여의도점,1971705948,5769,832,0,엘리니55,1.7.수,점심에 방문,1번째 방문
무탄 여의도점,1971705948,5769,832,0,아이리스8598,1.6.화,저녁에 방문,1번째 방문
무탄 여의도점,1971705948,5769,832,0,타끄,1.6.화,저녁에 방문,1번째 방문
무탄 여의도점,1971705948,5769,832,0,kyu****,1.6.화,저녁에 방문,1번째 방문
무탄 여의도점,1971705948,5769,832,0,syw****,1.6.화,저녁에 방문,1번째 방문
무탄 여의도점,1971705948,5769,832,0,송송송8231,1.6.화,저녁에 방문,1번째 방문
무탄 여의도점,1971705948,5769,832,0,객관적인편,1.6.화,저녁에 방문,1번째 방문
무탄 여의도점,1971705948,5769,832,0,예찬7649,1.6.화,저녁에 방문,1번째 방문
무탄 여의도점,1971705948,5769,832,0,인천바밤바,1.6.화,저녁에 방문,1번째 방문
무탄 여의도점,1971705948,5769,832,0,HJ7071,1.6.화,저녁에 방문,1번째 방문
무탄 여의도점,1971705948,5769,832,0,yellow10,1.6.화,점심에 방문,1번째 방문
무탄 여의도점,1971705948,5769,832,0,esl80,1.6.화,점심에 방문,1번째 방문
무탄 여의도점,1971705948,5769,832,0,ks9****,1.6.화,점심에 방문,1번째 방문
무탄 여의도점,1971705948,5769,832,0,kim****,1.6.화,점심에 방문,1번째 방문
무탄 여의도점,1971705948,5769,832,0,nba****,1.6.화,점심에 방문,1번째 방문
무탄 여의도점,1971705948,5769,832,0,허겁 지겁,1.5.월,저녁에 방문,1번째 방문
무탄 여의도점,1971705948,5769,832,0,세른,1.5.월,저녁에 방문,1번째 방문
무탄 여의도점,1971705948,5769,832,0,롤롤하,1.5.월,저녁에 방문,2번째 방문
무탄 여의도점,1971705948,5769,832,0,Vinyl,1.5.월,저녁에 방문,1번째 방문
무탄 여의도점,1971705948,5769,832,0,chu****,1.5.월,저녁에 방문,5번째 방문
무탄 여의도점,1971705948,5769,832,0,둥링,1.5.월,저녁에 방문,1번째 방문
무탄 여의도점,1971705948,5769,832,0,김세연95,1.5.월,저녁에 방문,2번째 방문
무탄 여의도점,1971705948,5769,832,0,ojs****,1.5.월,점심에 방문,1번째 방문
무탄 여의도점,1971705948,5769,832,0,냉동블루베리,1.5.월,점심에 방문,1번째 방문
무탄 여의도점,1971705948,5769,832,0,moonjs153,1.5.월,점심에 방문,1번째 방문
무탄 여의도점,1971705948,5769,832,0,was****,1.5.월,점심에 방문,2번째 방문
무탄 여의도점,1971705948,5769,832,0,타니블리,1.5.월,점심에 방문,1번째 방문
무탄 여의도점,1971705948,5769,832,0,buc****,1.5.월,점심에 방문,2번째 방문
무탄 여의도점,1971705948,5769,832,0,장진혁,1.5.월,점심에 방문,1번째 방문
무탄 여의도점,1971705948,5769,832,0,소금빠앙냠냠,1.4.일,저녁에 방문,1번째 방문
무탄 여의도점,1971705948,5769,832,0,핀즈버리,1.4.일,저녁에 방문,1번째 방문
무탄 여의도점,1971705948,5769,832,0,또츼,1.4.일,저녁에 방문,1번째 방문
무탄 여의도점,1971705948,5769,832,0,hongjoo,1.4.일,저녁에 방문,2번째 방문
무탄 여의도점,1971705948,5769,832,0,문진,1.4.일,저녁에 방문,1번째 방문
무탄 여의도점,1971705948,5769,832,0,tin****,1.4.일,저녁에 방문,1번째 방문
무탄 여의도점,1971705948,5769,832,0,유자차1122,1.4.일,저녁에 방문,2번째 방문
무탄 여의도점,1971705948,5769,832,0,joo****,1.4.일,저녁에 방문,1번째 방문
무탄 여의도점,1971705948,5769,832,0,웅박사,1.4.일,저녁에 방문,1번째 방문
무탄 여의도점,1971705948,5769,832,0,MJ마스터87,1.4.일,저녁에 방문,1번째 방문
무탄 여의도점,1971705948,5769,832,0,꼴통853,1.4.일,저녁에 방문,1번째 방문
무탄 여의도점,1971705948,5769,832,0,유빈9897,1.4.일,저녁에 방문,1번째 방문
무탄 여의도점,1971705948,5769,832,0,fly****,1.4.일,점심에 방문,1번째 방문
무탄 여의도점,1971705948,5769,832,0,으르렁96,1.4.일,점심에 방문,1번째 방문
무탄 여의도점,1971705948,5769,832,0,김재호45,1.4.일,점심에 방문,1번째 방문
무탄 여의도점,1971705948,5769,832,0,David59,1.4.일,점심에 방문,1번째 방문
무탄 여의도점,1971705948,5769,832,0,은댕12,1.4.일,점심에 방문,1번째 방문
무탄 여의도점,1971705948,5769,832,0,jin****,1.4.일,점심에 방문,1번째 방문
무탄 여의도점,1971705948,5769,832,0,bin185,1.4.일,점심에 방문,1번째 방문
무탄 여의도점,1971705948,5769,832,0,로로로비비,1.4.일,점심에 방문,1번째 방문
무탄 여의도점,1971705948,5769,832,0,CYG11,1.4.일,점심에 방문,1번째 방문
무탄 여의도점,1971705948,5769,832,0,leh****,1.4.일,점심에 방문,1번째 방문
무탄 여의도점,1971705948,5769,832,0,요리조리8252,1.4.일,점심에 방문,1번째 방문
무탄 여의도점,1971705948,5769,832,0,뭉오,1.4.일,점심에 방문,1번째 방문
무탄 여의도점,1971705948,5769,832,0,08203439,1.4.일,점심에 방문,1번째 방문
무탄 여의도점,1971705948,5769,832,0,WDCEDU,1.4.일,점심에 방문,2번째 방문
무탄 여의도점,1971705948,5769,832,0,불타는감자72,1.4.일,점심에 방문,3번째 방문
무탄 여의도점,1971705948,5769,832,0,현이87,1.4.일,점심에 방문,1번째 방문
무탄 여의도점,1971705948,5769,832,0,charle,1.4.일,점심에 방문,1번째 방문
무탄 여의도점,1971705948,5769,832,0,dpt****,1.3.토,저녁에 방문,1번째 방문
무탄 여의도점,1971705948,5769,832,0,ghd9209,1.3.토,저녁에 방문,1번째 방문
무탄 여의도점,1971705948,5769,832,0,bts****,1.3.토,저녁에 방문,1번째 방문
무탄 여의도점,1971705948,5769,832,0,Sjnbb,1.3.토,저녁에 방문,1번째 방문
무탄 여의도점,1971705948,5769,832,0,lli****,1.3.토,저녁에 방문,1번째 방문
무탄 여의도점,1971705948,5769,832,0,pth****,1.3.토,저녁에 방문,1번째 방문
무탄 여의도점,1971705948,5769,832,0,llll9,1.3.토,저녁에 방문,1번째 방문
무탄 여의도점,1971705948,5769,832,0,aa12338,1.3.토,저녁에 방문,1번째 방문
무탄 여의도점,1971705948,5769,832,0,h10****,1.3.토,저녁에 방문,1번째 방문
무탄 여의도점,1971705948,5769,832,0,Wood12,1.3.토,저녁에 방문,1번째 방문
무탄 여의도점,1971705948,5769,832,0,sij****,1.3.토,저녁에 방문,1번째 방문
무탄 여의도점,1971705948,5769,832,0,ppoppoa,1.3.토,저녁에 방문,1번째 방문
무탄 여의도점,1971705948,5769,832,0,woq****,1.3.토,점심에 방문,1번째 방문
무탄 여의도점,1971705948,5769,832,0,녹차잎38,1.3.토,점심에 방문,1번째 방문
무탄 여의도점,1971705948,5769,832,0,또니4886,1.3.토,점심에 방문,1번째 방문
무탄 여의도점,1971705948,5769,832,0,캉팡탕항,1.3.토,점심에 방문,1번째 방문
무탄 여의도점,1971705948,5769,832,0,프스즈,1.3.토,점심에 방문,2번째 방문
무탄 여의도점,1971705948,5769,832,0,바바15,1.3.토,점심에 방문,1번째 방문
무탄 여의도점,1971705948,5769,832,0,리유니,1.3.토,점심에 방문,1번째 방문
무탄 여의도점,1971705948,5769,832,0,yblee87,1.3.토,점심에 방문,1번째 방문
무탄 여의도점,1971705948,5769,832,0,jih****,1.3.토,점심에 방문,1번째 방문
무탄 여의도점,1971705948,5769,832,0,케빈캥,1.3.토,점심에 방문,1번째 방문
무탄 여의도점,1971705948,5769,832,0,mybirdss,1.3.토,점심에 방문,1번째 방문
무탄 여의도점,1971705948,5769,832,0,NODE,1.3.토,점심에 방문,1번째 방문
무탄 여의도점,1971705948,5769,832,0,도토리5883,1.3.토,점심에 방문,1번째 방문
무탄 여의도점,1971705948,5769,832,0,달콤피카소,1.3.토,점심에 방문,1번째 방문
무탄 여의도점,1971705948,5769,832,0,나강29,1.3.토,점심에 방문,1번째 방문
무탄 여의도점,1971705948,5769,832,0,임민수23,1.3.토,점심에 방문,1번째 방문
무탄 여의도점,1971705948,5769,832,0,kjy****,1.3.토,점심에 방문,1번째 방문
무탄 여의도점,1971705948,5769,832,0,Midny,1.3.토,점심에 방문,1번째 방문
무탄 여의도점,1971705948,5769,832,0,차돌박이등심,1.3.토,점심에 방문,11번째 방문
무탄 여의도점,1971705948,5769,832,0,jun****,1.3.토,점심에 방문,1번째 방문
무탄 여의도점,1971705948,5769,832,0,moyaeui,1.2.금,저녁에 방문,1번째 방문
무탄 여의도점,1971705948,5769,832,0,nke****,1.2.금,저녁에 방문,1번째 방문
무탄 여의도점,1971705948,5769,832,0,철국34,1.2.금,저녁에 방문,1번째 방문
무탄 여의도점,1971705948,5769,832,0,cha****,1.2.금,저녁에 방문,1번째 방문
무탄 여의도점,1971705948,5769,832,0,juhe3221,1.2.금,저녁에 방문,1번째 방문
무탄 여의도점,1971705948,5769,832,0,oli77,1.2.금,저녁에 방문,1번째 방문
무탄 여의도점,1971705948,5769,832,0,gPfls88,1.2.금,저녁에 방문,1번째 방문
무탄 여의도점,1971705948,5769,832,0,행복에날개를달다,1.2.금,점심에 방문,1번째 방문
무탄 여의도점,1971705948,5769,832,0,jin****,1.2.금,점심에 방문,1번째 방문
무탄 여의도점,1971705948,5769,832,0,gummy,1.2.금,점심에 방문,1번째 방문
무탄 여의도점,1971705948,5769,832,0,문띵74,1.2.금,점심에 방문,1번째 방문
무탄 여의도점,1971705948,5769,832,0,joo****,1.2.금,점심에 방문,1번째 방문
무탄 여의도점,1971705948,5769,832,0,뽀롱뽀롱빵빵,1.2.금,점심에 방문,2번째 방문
무탄 여의도점,1971705948,5769,832,0,u20****,1.2.금,점심에 방문,1번째 방문
무탄 여의도점,1971705948,5769,832,0,storm8629,1.2.금,점심에 방문,1번째 방문
무탄 여의도점,1971705948,5769,832,0,mau****,1.1.목,저녁에 방문,2번째 방문
무탄 여의도점,1971705948,5769,832,0,zzz****,1.1.목,저녁에 방문,1번째 방문
무탄 여의도점,1971705948,5769,832,0,qua****,1.1.목,저녁에 방문,2번째 방문
무탄 여의도점,1971705948,5769,832,0,er****,1.1.목,저녁에 방문,1번째 방문
무탄 여의도점,1971705948,5769,832,0,emmmmi7,1.1.목,저녁에 방문,1번째 방문
무탄 여의도점,1971705948,5769,832,0,ohrany,1.1.목,저녁에 방문,1번째 방문
무탄 여의도점,1971705948,5769,832,0,하이룽16,1.1.목,저녁에 방문,1번째 방문
무탄 여의도점,1971705948,5769,832,0,tara2you,1.1.목,저녁에 방문,1번째 방문
무탄 여의도점,1971705948,5769,832,0,사랑이 넘치는,1.1.목,저녁에 방문,1번째 방문
무탄 여의도점,1971705948,5769,832,0,해는반드시뜬다,1.1.목,저녁에 방문,1번째 방문
무탄 여의도점,1971705948,5769,832,0,nnnyyyyy,1.1.목,저녁에 방문,1번째 방문
무탄 여의도점,1971705948,5769,832,0,파란바람23,1.1.목,점심에 방문,1번째 방문
무탄 여의도점,1971705948,5769,832,0,프라흐아,1.1.목,점심에 방문,1번째 방문
무탄 여의도점,1971705948,5769,832,0,dlg****,1.1.목,점심에 방문,2번째 방문
무탄 여의도점,1971705948,5769,832,0,릴리아91,1.1.목,점심에 방문,2번째 방문
무탄 여의도점,1971705948,5769,832,0,des****,1.1.목,점심에 방문,4번째 방문
무탄 여의도점,1971705948,5769,832,0,miy****,1.1.목,점심에 방문,1번째 방문
무탄 여의도점,1971705948,5769,832,0,dlt****,1.1.목,점심에 방문,1번째 방문
무탄 여의도점,1971705948,5769,832,0,san****,1.1.목,점심에 방문,1번째 방문
무탄 여의도점,1971705948,5769,832,0,5mingz,1.1.목,점심에 방문,1번째 방문
무탄 여의도점,1971705948,5769,832,0,viola48,1.1.목,점심에 방문,1번째 방문
무탄 여의도점,1971705948,5769,832,0,물음표014,1.1.목,점심에 방문,1번째 방문
무탄 여의도점,1971705948,5769,832,0,ALicia,1.1.목,점심에 방문,2번째 방문
무탄 여의도점,1971705948,5769,832,0,car****,1.1.목,점심에 방문,1번째 방문
무탄 여의도점,1971705948,5769,832,0,아리마91,1.1.목,점심에 방문,1번째 방문
무탄 여의도점,1971705948,5769,832,0,사삥,1.1.목,점심에 방문,1번째 방문
무탄 여의도점,1971705948,5769,832,0,bbangsua,1.1.목,점심에 방문,2번째 방문
무탄 여의도점,1971705948,5769,832,0,레몬그레이블루,1.1.목,점심에 방문,1번째 방문
무탄 여의도점,1971705948,5769,832,0,asl27,1.1.목,점심에 방문,1번째 방문
무탄 여의도점,1971705948,5769,832,0,hys****,1.1.목,점심에 방문,1번째 방문
무탄 여의도점,1971705948,5769,832,0,poetry96,1.1.목,점심에 방문,1번째 방문
무탄 여의도점,1971705948,5769,832,0,jyan1229,25.12.31.수,저녁에 방문,1번째 방문
무탄 여의도점,1971705948,5769,832,0,gsa****,25.12.31.수,저녁에 방문,2번째 방문
무탄 여의도점,1971705948,5769,832,0,링링2510,25.12.31.수,저녁에 방문,1번째 방문
무탄 여의도점,1971705948,5769,832,0,아임장미,25.12.31.수,저녁에 방문,1번째 방문
무탄 여의도점,1971705948,5769,832,0,제시카야,25.12.31.수,저녁에 방문,1번째 방문
무탄 여의도점,1971705948,5769,832,0,Hhhh62,25.12.31.수,저녁에 방문,1번째 방문
무탄 여의도점,1971705948,5769,832,0,흡휴,25.12.31.수,저녁에 방문,1번째 방문
무탄 여의도점,1971705948,5769,832,0,Rafael74,25.12.31.수,저녁에 방문,1번째 방문
무탄 여의도점,1971705948,5769,832,0,ㅁㄴㅇㅂㅈㄷ,25.12.31.수,저녁에 방문,2번째 방문
무탄 여의도점,1971705948,5769,832,0,lu****,25.12.31.수,저녁에 방문,1번째 방문
무탄 여의도점,1971705948,5769,832,0,cv****,25.12.31.수,저녁에 방문,1번째 방문
무탄 여의도점,1971705948,5769,832,0,SK V40,25.12.31.수,저녁에 방문,1번째 방문
무탄 여의도점,1971705948,5769,832,0,StarRally,25.12.31.수,저녁에 방문,1번째 방문
무탄 여의도점,1971705948,5769,832,0,fgh****,25.12.31.수,저녁에 방문,1번째 방문
무탄 여의도점,1971705948,5769,832,0,정1577,25.12.31.수,저녁에 방문,1번째 방문
무탄 여의도점,1971705948,5769,832,0,luv9290,25.12.31.수,저녁에 방문,1번째 방문
무탄 여의도점,1971705948,5769,832,0,rla****,25.12.31.수,저녁에 방문,1번째 방문
무탄 여의도점,1971705948,5769,832,0,안귱이,25.12.31.수,저녁에 방문,1번째 방문
무탄 여의도점,1971705948,5769,832,0,용롱잉,25.12.31.수,점심에 방문,1번째 방문
무탄 여의도점,1971705948,5769,832,0,dkf****,25.12.31.수,점심에 방문,1번째 방문
무탄 여의도점,1971705948,5769,832,0,dodoree,25.12.31.수,점심에 방문,1번째 방문
무탄 여의도점,1971705948,5769,832,0,햐암51,25.12.31.수,점심에 방문,1번째 방문
무탄 여의도점,1971705948,5769,832,0,khsphappy93,25.12.31.수,점심에 방문,1번째 방문
무탄 여의도점,1971705948,5769,832,0,쑤6557,25.12.31.수,점심에 방문,1번째 방문
무탄 여의도점,1971705948,5769,832,0,모라4880,25.12.31.수,점심에 방문,1번째 방문
무탄 여의도점,1971705948,5769,832,0,유진2415,25.12.31.수,점심에 방문,1번째 방문
무탄 여의도점,1971705948,5769,832,0,밀리언밍,25.12.31.수,점심에 방문,1번째 방문
무탄 여의도점,1971705948,5769,832,0,sooponge,25.12.31.수,점심에 방문,1번째 방문
무탄 여의도점,1971705948,5769,832,0,apandora,25.12.31.수,점심에 방문,1번째 방문
무탄 여의도점,1971705948,5769,832,0,soy****,25.12.31.수,점심에 방문,1번째 방문
무탄 여의도점,1971705948,5769,832,0,apr****,25.12.31.수,점심에 방문,2번째 방문
무탄 여의도점,1971705948,5769,832,0,안킬로11,25.12.31.수,점심에 방문,1번째 방문
무탄 여의도점,1971705948,5769,832,0,yun****,25.12.31.수,점심에 방문,1번째 방문
무탄 여의도점,1971705948,5769,832,0,leejmsh,25.12.31.수,점심에 방문,1번째 방문
무탄 여의도점,1971705948,5769,832,0,갱이눈요,25.12.31.수,점심에 방문,1번째 방문
무탄 여의도점,1971705948,5769,832,0,서초분실 이태균,25.12.31.수,점심에 방문,1번째 방문
무탄 여의도점,1971705948,5769,832,0,유예진77,25.12.31.수,점심에 방문,1번째 방문
무탄 여의도점,1971705948,5769,832,0,케이곤41,25.12.31.수,점심에 방문,1번째 방문
무탄 여의도점,1971705948,5769,832,0,롤63,25.12.30.화,저녁에 방문,1번째 방문
무탄 여의도점,1971705948,5769,832,0,코카콜라제로만,25.12.30.화,저녁에 방문,1번째 방문
무탄 여의도점,1971705948,5769,832,0,Bongbong0o0,25.12.30.화,저녁에 방문,1번째 방문
무탄 여의도점,1971705948,5769,832,0,chsw0910,25.12.30.화,저녁에 방문,1번째 방문
무탄 여의도점,1971705948,5769,832,0,mmmin8,25.12.30.화,저녁에 방문,1번째 방문
무탄 여의도점,1971705948,5769,832,0,eun****,25.12.30.화,저녁에 방문,1번째 방문
무탄 여의도점,1971705948,5769,832,0,threewishes,25.12.30.화,저녁에 방문,1번째 방문
무탄 여의도점,1971705948,5769,832,0,투퍼,25.12.30.화,저녁에 방문,1번째 방문
무탄 여의도점,1971705948,5769,832,0,Awhes34,25.12.30.화,저녁에 방문,2번째 방문
무탄 여의도점,1971705948,5769,832,0,pik****,25.12.30.화,저녁에 방문,1번째 방문
무탄 여의도점,1971705948,5769,832,0,채연6019,25.12.30.화,저녁에 방문,1번째 방문
무탄 여의도점,1971705948,5769,832,0,블루레이43,25.12.30.화,점심에 방문,1번째 방문
무탄 여의도점,1971705948,5769,832,0,난리713,25.12.30.화,점심에 방문,1번째 방문
무탄 여의도점,1971705948,5769,832,0,기준7913,25.12.30.화,점심에 방문,1번째 방문
무탄 여의도점,1971705948,5769,832,0,피기메이,25.12.30.화,점심에 방문,1번째 방문
무탄 여의도점,1971705948,5769,832,0,마나마나마나,25.12.30.화,점심에 방문,1번째 방문
무탄 여의도점,1971705948,5769,832,0,HY75,25.12.30.화,점심에 방문,1번째 방문
무탄 여의도점,1971705948,5769,832,0,buc****,25.12.30.화,점심에 방문,1번째 방문
무탄 여의도점,1971705948,5769,832,0,danthecan,25.12.30.화,점심에 방문,1번째 방문
무탄 여의도점,1971705948,5769,832,0,마마구마,25.12.30.화,점심에 방문,1번째 방문
무탄 여의도점,1971705948,5769,832,0,롤케이크90,25.12.30.화,점심에 방문,1번째 방문
무탄 여의도점,1971705948,5769,832,0,0insane058,25.12.30.화,점심에 방문,1번째 방문
무탄 여의도점,1971705948,5769,832,0,bossb,25.12.30.화,점심에 방문,1번째 방문
무탄 여의도점,1971705948,5769,832,0,qkr****,25.12.29.월,저녁에 방문,1번째 방문
무탄 여의도점,1971705948,5769,832,0,checkmate42,25.12.29.월,저녁에 방문,4번째 방문
무탄 여의도점,1971705948,5769,832,0,맛동산93,25.12.29.월,저녁에 방문,1번째 방문
무탄 여의도점,1971705948,5769,832,0,대건손세차,25.12.29.월,저녁에 방문,1번째 방문
무탄 여의도점,1971705948,5769,832,0,chloe39,25.12.29.월,저녁에 방문,1번째 방문
무탄 여의도점,1971705948,5769,832,0,정윤재45,25.12.29.월,저녁에 방문,1번째 방문
무탄 여의도점,1971705948,5769,832,0,jy5178,25.12.29.월,저녁에 방문,1번째 방문
무탄 여의도점,1971705948,5769,832,0,몽구5879,25.12.29.월,저녁에 방문,1번째 방문
무탄 여의도점,1971705948,5769,832,0,gan****,25.12.29.월,저녁에 방문,1번째 방문
무탄 여의도점,1971705948,5769,832,0,아몬드2021,25.12.29.월,저녁에 방문,1번째 방문
무탄 여의도점,1971705948,5769,832,0,삐에로56,25.12.29.월,저녁에 방문,1번째 방문
무탄 여의도점,1971705948,5769,832,0,진진자라5456,25.12.29.월,저녁에 방문,1번째 방문
무탄 여의도점,1971705948,5769,832,0,yoooooniiiii,25.12.29.월,점심에 방문,1번째 방문
무탄 여의도점,1971705948,5769,832,0,홍상87,25.12.29.월,점심에 방문,1번째 방문
무탄 여의도점,1971705948,5769,832,0,dhshsgs11,25.12.29.월,점심에 방문,1번째 방문
무탄 여의도점,1971705948,5769,832,0,itwowya,25.12.29.월,점심에 방문,1번째 방문
무탄 여의도점,1971705948,5769,832,0,gus****,25.12.28.일,저녁에 방문,1번째 방문
무탄 여의도점,1971705948,5769,832,0,inn****,25.12.28.일,저녁에 방문,1번째 방문
무탄 여의도점,1971705948,5769,832,0,kem****,25.12.28.일,저녁에 방문,1번째 방문
무탄 여의도점,1971705948,5769,832,0,immisl,25.12.28.일,저녁에 방문,1번째 방문
무탄 여의도점,1971705948,5769,832,0,숀66,25.12.28.일,저녁에 방문,1번째 방문
무탄 여의도점,1971705948,5769,832,0,진29,25.12.28.일,저녁에 방문,2번째 방문
무탄 여의도점,1971705948,5769,832,0,Hoyi67,25.12.28.일,저녁에 방문,1번째 방문
무탄 여의도점,1971705948,5769,832,0,bgwoo2000,25.12.28.일,저녁에 방문,1번째 방문
무탄 여의도점,1971705948,5769,832,0,audrhs0310,25.12.28.일,저녁에 방문,1번째 방문
무탄 여의도점,1971705948,5769,832,0,Oh삐약,25.12.28.일,저녁에 방문,3번째 방문
무탄 여의도점,1971705948,5769,832,0,미또1,25.12.28.일,저녁에 방문,1번째 방문
무탄 여의도점,1971705948,5769,832,0,히나0703,25.12.28.일,저녁에 방문,1번째 방문
무탄 여의도점,1971705948,5769,832,0,초콩41,25.12.28.일,저녁에 방문,1번째 방문
무탄 여의도점,1971705948,5769,832,0,좋은아침4815,25.12.28.일,저녁에 방문,1번째 방문
무탄 여의도점,1971705948,5769,832,0,야망의스티치,25.12.28.일,점심에 방문,1번째 방문
무탄 여의도점,1971705948,5769,832,0,j0****,25.12.28.일,점심에 방문,3번째 방문
무탄 여의도점,1971705948,5769,832,0,복숭아940,25.12.28.일,점심에 방문,1번째 방문
무탄 여의도점,1971705948,5769,832,0,꿀렁50,25.12.28.일,점심에 방문,1번째 방문
무탄 여의도점,1971705948,5769,832,0,한윤혜29,25.12.28.일,점심에 방문,1번째 방문
무탄 여의도점,1971705948,5769,832,0,somnie,25.12.28.일,점심에 방문,1번째 방문
무탄 여의도점,1971705948,5769,832,0,smgsms,25.12.28.일,점심에 방문,1번째 방문
멘쇼쿠,1165918398,805,882,0,밍채00,1.10.토,점심에 방문,1번째 방문
멘쇼쿠,1165918398,805,882,0,모두아요,1.9.금,점심에 방문,1번째 방문
멘쇼쿠,1165918398,805,882,0,비타율,1.8.목,저녁에 방문,1번째 방문
멘쇼쿠,1165918398,805,882,0,abc6174,1.6.화,점심에 방문,1번째 방문
멘쇼쿠,1165918398,805,882,0,오늘도 배고프다,1.2.금,저녁에 방문,1번째 방문
멘쇼쿠,1165918398,805,882,0,먹으러떠나는중,1.2.금,저녁에 방문,1번째 방문
멘쇼쿠,1165918398,805,882,0,프로필설정129,1.2.금,점심에 방문,1번째 방문
멘쇼쿠,1165918398,805,882,0,신9374,25.12.29.월,저녁에 방문,1번째 방문
멘쇼쿠,1165918398,805,882,0,LebenO,25.12.29.월,점심에 방문,1번째 방문
멘쇼쿠,1165918398,805,882,0,오뚜커플,25.12.28.일,점심에 방문,1번째 방문
멘쇼쿠,1165918398,805,882,0,즐겁게 열심히,25.12.27.토,저녁에 방문,1번째 방문
멘쇼쿠,1165918398,805,882,0,혼자서도잘먹어요,25.12.27.토,점심에 방문,1번째 방문
멘쇼쿠,1165918398,805,882,0,5춘기소녀,25.12.27.토,점심에 방문,2번째 방문
멘쇼쿠,1165918398,805,882,0,맛집뉴스,25.12.26.금,점심에 방문,1번째 방문
멘쇼쿠,1165918398,805,882,0,5춘기소녀,25.12.26.금,점심에 방문,1번째 방문
멘쇼쿠,1165918398,805,882,0,doh****,25.12.22.월,점심에 방문,1번째 방문
멘쇼쿠,1165918398,805,882,0,영주니이녀석,25.12.22.월,점심에 방문,1번째 방문
멘쇼쿠,1165918398,805,882,0,돼지반죽3남매,25.12.20.토,점심에 방문,1번째 방문
멘쇼쿠,1165918398,805,882,0,듀이힛,25.12.15.월,점심에 방문,1번째 방문
멘쇼쿠,1165918398,805,882,0,아이구47,25.12.13.토,저녁에 방문,2번째 방문
멘쇼쿠,1165918398,805,882,0,영원하라41,25.12.13.토,점심에 방문,1번째 방문
히카리모노 스타필드 애비뉴 그랑서울점,2096233046,12,56,0,네이버기록,1.6.화,점심에 방문,1번째 방문
히카리모노 스타필드 애비뉴 그랑서울점,2096233046,12,56,0,HELEN61,1.2.금,점심에 방문,1번째 방문
히카리모노 스타필드 애비뉴 그랑서울점,2096233046,12,56,0,새로운맛즐거운맛짜릿한맛,25.12.22.월,점심에 방문,1번째 방문
만가타,1942641718,0,1171,0,cheeze1,25.12.20.토,점심에 방문,1번째 방문
무탄 광화문점,1180841237,6958,2250,0,juno1125,1.15.목,저녁에 방문,1번째 방문
무탄 광화문점,1180841237,6958,2250,0,쿰바34,1.15.목,저녁에 방문,1번째 방문
무탄 광화문점,1180841237,6958,2250,0,ch****,1.15.목,저녁에 방문,1번째 방문
무탄 광화문점,1180841237,6958,2250,0,87458745,1.15.목,저녁에 방문,2번째 방문
무탄 광화문점,1180841237,6958,2250,0,alg****,1.15.목,저녁에 방문,1번째 방문
무탄 광화문점,1180841237,6958,2250,0,jj****,1.15.목,점심에 방문,1번째 방문
무탄 광화문점,1180841237,6958,2250,0,sop****,1.15.목,점심에 방문,1번째 방문
무탄 광화문점,1180841237,6958,2250,0,ikej,1.15.목,점심에 방문,1번째 방문
무탄 광화문점,1180841237,6958,2250,0,해피인사이드0ㅂ0,1.15.목,점심에 방문,1번째 방문
무탄 광화문점,1180841237,6958,2250,0,내안에뭐있음40,1.14.수,저녁에 방문,1번째 방문
무탄 광화문점,1180841237,6958,2250,0,Chloe Han,1.14.수,점심에 방문,1번째 방문
무탄 광화문점,1180841237,6958,2250,0,jie****,1.14.수,점심에 방문,1번째 방문
무탄 광화문점,1180841237,6958,2250,0,mes****,1.13.화,저녁에 방문,1번째 방문
무탄 광화문점,1180841237,6958,2250,0,하늘호수61,1.13.화,저녁에 방문,1번째 방문
무탄 광화문점,1180841237,6958,2250,0,you****,1.13.화,저녁에 방문,1번째 방문
무탄 광화문점,1180841237,6958,2250,0,망줴,1.13.화,저녁에 방문,1번째 방문
무탄 광화문점,1180841237,6958,2250,0,hsl****,1.13.화,저녁에 방문,6번째 방문
무탄 광화문점,1180841237,6958,2250,0,드니로5431,1.13.화,점심에 방문,7번째 방문
무탄 광화문점,1180841237,6958,2250,0,ㅋㅋㅋ9479,1.13.화,점심에 방문,1번째 방문
무탄 광화문점,1180841237,6958,2250,0,ㅈㄱㅇㄷ,1.13.화,점심에 방문,1번째 방문
무탄 광화문점,1180841237,6958,2250,0,특별수사본부,1.13.화,점심에 방문,1번째 방문
무탄 광화문점,1180841237,6958,2250,0,김서인55,1.12.월,저녁에 방문,6번째 방문
무탄 광화문점,1180841237,6958,2250,0,woongi93,1.12.월,저녁에 방문,1번째 방문
무탄 광화문점,1180841237,6958,2250,0,안 영,1.12.월,저녁에 방문,1번째 방문
무탄 광화문점,1180841237,6958,2250,0,돌아온너구리52,1.12.월,저녁에 방문,1번째 방문
무탄 광화문점,1180841237,6958,2250,0,gom****,1.12.월,저녁에 방문,1번째 방문
무탄 광화문점,1180841237,6958,2250,0,슴슴밍밍,1.12.월,점심에 방문,1번째 방문
무탄 광화문점,1180841237,6958,2250,0,moo****,1.12.월,점심에 방문,1번째 방문
무탄 광화문점,1180841237,6958,2250,0,탱1650,1.12.월,점심에 방문,4번째 방문
무탄 광화문점,1180841237,6958,2250,0,the****,1.11.일,저녁에 방문,1번째 방문
무탄 광화문점,1180841237,6958,2250,0,하쁘니월드,1.11.일,저녁에 방문,1번째 방문
무탄 광화문점,1180841237,6958,2250,0,박야호,1.11.일,저녁에 방문,1번째 방문
무탄 광화문점,1180841237,6958,2250,0,Blue Pineapple,1.11.일,저녁에 방문,1번째 방문
무탄 광화문점,1180841237,6958,2250,0,jiaa81,1.11.일,저녁에 방문,1번째 방문
무탄 광화문점,1180841237,6958,2250,0,레츠게리롱,1.11.일,저녁에 방문,1번째 방문
무탄 광화문점,1180841237,6958,2250,0,히히룰루,1.11.일,저녁에 방문,1번째 방문
무탄 광화문점,1180841237,6958,2250,0,261****,1.11.일,저녁에 방문,1번째 방문
무탄 광화문점,1180841237,6958,2250,0,Jcfuch,1.11.일,저녁에 방문,1번째 방문
무탄 광화문점,1180841237,6958,2250,0,BIZKWON,1.11.일,저녁에 방문,1번째 방문
무탄 광화문점,1180841237,6958,2250,0,하이루귀염탱은잇츠미,1.11.일,저녁에 방문,1번째 방문
무탄 광화문점,1180841237,6958,2250,0,구름5391,1.11.일,점심에 방문,1번째 방문
무탄 광화문점,1180841237,6958,2250,0,comos777,1.11.일,점심에 방문,1번째 방문
무탄 광화문점,1180841237,6958,2250,0,뿌꾸짱46,1.11.일,점심에 방문,1번째 방문
무탄 광화문점,1180841237,6958,2250,0,shpark0903,1.11.일,점심에 방문,1번째 방문
무탄 광화문점,1180841237,6958,2250,0,파닥60,1.11.일,점심에 방문,1번째 방문
무탄 광화문점,1180841237,6958,2250,0,당당당6824,1.11.일,점심에 방문,1번째 방문
무탄 광화문점,1180841237,6958,2250,0,맛러버라비,1.11.일,점심에 방문,1번째 방문
무탄 광화문점,1180841237,6958,2250,0,blueranger,1.11.일,점심에 방문,1번째 방문
무탄 광화문점,1180841237,6958,2250,0,apfjd6,1.11.일,점심에 방문,1번째 방문
무탄 광화문점,1180841237,6958,2250,0,Vesper del Amico,1.11.일,점심에 방문,1번째 방문
무탄 광화문점,1180841237,6958,2250,0,lja0712,1.11.일,점심에 방문,1번째 방문
무탄 광화문점,1180841237,6958,2250,0,Cos,1.10.토,저녁에 방문,1번째 방문
무탄 광화문점,1180841237,6958,2250,0,sjm****,1.10.토,저녁에 방문,1번째 방문
무탄 광화문점,1180841237,6958,2250,0,sjl****,1.10.토,저녁에 방문,1번째 방문
무탄 광화문점,1180841237,6958,2250,0,토토로52,1.10.토,저녁에 방문,1번째 방문
무탄 광화문점,1180841237,6958,2250,0,cjinki,1.10.토,저녁에 방문,2번째 방문
무탄 광화문점,1180841237,6958,2250,0,렐레페섬 주인,1.10.토,저녁에 방문,1번째 방문
무탄 광화문점,1180841237,6958,2250,0,metronics70,1.10.토,저녁에 방문,1번째 방문
무탄 광화문점,1180841237,6958,2250,0,yeuny,1.10.토,저녁에 방문,2번째 방문
무탄 광화문점,1180841237,6958,2250,0,꿈의팝송,1.10.토,저녁에 방문,1번째 방문
무탄 광화문점,1180841237,6958,2250,0,바쿠의짬뽕밥,1.10.토,저녁에 방문,1번째 방문
무탄 광화문점,1180841237,6958,2250,0,히그54,1.10.토,저녁에 방문,1번째 방문
무탄 광화문점,1180841237,6958,2250,0,ec****,1.10.토,저녁에 방문,1번째 방문
무탄 광화문점,1180841237,6958,2250,0,Jane9147,1.10.토,점심에 방문,1번째 방문
무탄 광화문점,1180841237,6958,2250,0,205hjkim,1.10.토,점심에 방문,1번째 방문
무탄 광화문점,1180841237,6958,2250,0,als****,1.10.토,점심에 방문,1번째 방문
무탄 광화문점,1180841237,6958,2250,0,앨리스8063,1.10.토,점심에 방문,1번째 방문
무탄 광화문점,1180841237,6958,2250,0,김채환11,1.10.토,점심에 방문,1번째 방문
무탄 광화문점,1180841237,6958,2250,0,jss9****,1.10.토,점심에 방문,1번째 방문
무탄 광화문점,1180841237,6958,2250,0,야미79,1.10.토,점심에 방문,1번째 방문
무탄 광화문점,1180841237,6958,2250,0,par****,1.10.토,점심에 방문,1번째 방문
무탄 광화문점,1180841237,6958,2250,0,옆집여자74,1.10.토,점심에 방문,1번째 방문
무탄 광화문점,1180841237,6958,2250,0,Sungjinim,1.9.금,저녁에 방문,1번째 방문
무탄 광화문점,1180841237,6958,2250,0,포트리치,1.9.금,저녁에 방문,1번째 방문
무탄 광화문점,1180841237,6958,2250,0,ete28,1.9.금,저녁에 방문,1번째 방문
무탄 광화문점,1180841237,6958,2250,0,알로하만떼,1.9.금,점심에 방문,1번째 방문
무탄 광화문점,1180841237,6958,2250,0,wva2wzmn,1.9.금,점심에 방문,1번째 방문
무탄 광화문점,1180841237,6958,2250,0,olola0725,1.9.금,점심에 방문,2번째 방문
무탄 광화문점,1180841237,6958,2250,0,코코파망,1.9.금,점심에 방문,1번째 방문
무탄 광화문점,1180841237,6958,2250,0,봄봄봄09,1.9.금,점심에 방문,1번째 방문
무탄 광화문점,1180841237,6958,2250,0,NeoSeoul,1.9.금,점심에 방문,2번째 방문
무탄 광화문점,1180841237,6958,2250,0,영콩13,1.9.금,점심에 방문,1번째 방문
무탄 광화문점,1180841237,6958,2250,0,몽니56,1.8.목,저녁에 방문,4번째 방문
무탄 광화문점,1180841237,6958,2250,0,안온한콩,1.8.목,저녁에 방문,1번째 방문
무탄 광화문점,1180841237,6958,2250,0,쓸7699,1.8.목,저녁에 방문,1번째 방문
무탄 광화문점,1180841237,6958,2250,0,마케팅차프로,1.8.목,저녁에 방문,1번째 방문
무탄 광화문점,1180841237,6958,2250,0,코코크랩,1.8.목,저녁에 방문,1번째 방문
무탄 광화문점,1180841237,6958,2250,0,수호아빠93,1.8.목,저녁에 방문,1번째 방문
무탄 광화문점,1180841237,6958,2250,0,유화62,1.8.목,저녁에 방문,1번째 방문
무탄 광화문점,1180841237,6958,2250,0,어반찍사,1.8.목,점심에 방문,2번째 방문
무탄 광화문점,1180841237,6958,2250,0,스마일히55,1.8.목,점심에 방문,1번째 방문
무탄 광화문점,1180841237,6958,2250,0,rnfma2424,1.8.목,점심에 방문,1번째 방문
무탄 광화문점,1180841237,6958,2250,0,hy****,1.8.목,점심에 방문,1번째 방문
무탄 광화문점,1180841237,6958,2250,0,NeoSeoul,1.8.목,점심에 방문,1번째 방문
무탄 광화문점,1180841237,6958,2250,0,아쟈49,1.7.수,저녁에 방문,1번째 방문
무탄 광화문점,1180841237,6958,2250,0,lucky ㅎoㅎ43,1.7.수,저녁에 방문,2번째 방문
무탄 광화문점,1180841237,6958,2250,0,청순맘84,1.7.수,저녁에 방문,1번째 방문
무탄 광화문점,1180841237,6958,2250,0,김수진8385,1.7.수,저녁에 방문,1번째 방문
무탄 광화문점,1180841237,6958,2250,0,길군38,1.7.수,저녁에 방문,1번째 방문
무탄 광화문점,1180841237,6958,2250,0,kongsoon2,1.7.수,저녁에 방문,5번째 방문
무탄 광화문점,1180841237,6958,2250,0,freetime1117,1.7.수,저녁에 방문,1번째 방문
무탄 광화문점,1180841237,6958,2250,0,강심슨,1.7.수,저녁에 방문,1번째 방문
무탄 광화문점,1180841237,6958,2250,0,피터팬 260,1.7.수,저녁에 방문,1번째 방문
무탄 광화문점,1180841237,6958,2250,0,쮸릐,1.7.수,점심에 방문,1번째 방문
무탄 광화문점,1180841237,6958,2250,0,shanwyi,1.7.수,점심에 방문,1번째 방문
무탄 광화문점,1180841237,6958,2250,0,dyn****,1.7.수,점심에 방문,7번째 방문
무탄 광화문점,1180841237,6958,2250,0,sea****,1.6.화,저녁에 방문,1번째 방문
무탄 광화문점,1180841237,6958,2250,0,EUT,1.6.화,저녁에 방문,1번째 방문
무탄 광화문점,1180841237,6958,2250,0,nayu77761,1.6.화,점심에 방문,1번째 방문
무탄 광화문점,1180841237,6958,2250,0,하블리96,1.5.월,저녁에 방문,1번째 방문
무탄 광화문점,1180841237,6958,2250,0,kk****,1.5.월,저녁에 방문,1번째 방문
무탄 광화문점,1180841237,6958,2250,0,yv****,1.5.월,저녁에 방문,1번째 방문
무탄 광화문점,1180841237,6958,2250,0,꾸꾸끼끼까까,1.5.월,저녁에 방문,6번째 방문
무탄 광화문점,1180841237,6958,2250,0,또깨빵,1.5.월,점심에 방문,1번째 방문
무탄 광화문점,1180841237,6958,2250,0,하이드47,1.5.월,점심에 방문,1번째 방문
무탄 광화문점,1180841237,6958,2250,0,엄한용58,1.5.월,점심에 방문,1번째 방문
무탄 광화문점,1180841237,6958,2250,0,pilca86,1.4.일,저녁에 방문,1번째 방문
무탄 광화문점,1180841237,6958,2250,0,pu1795,1.4.일,저녁에 방문,1번째 방문
무탄 광화문점,1180841237,6958,2250,0,다옹이32,1.4.일,저녁에 방문,1번째 방문
무탄 광화문점,1180841237,6958,2250,0,새로운 취미찾기,1.4.일,저녁에 방문,1번째 방문
무탄 광화문점,1180841237,6958,2250,0,해피엔딩42,1.4.일,저녁에 방문,1번째 방문
무탄 광화문점,1180841237,6958,2250,0,berryz,1.4.일,저녁에 방문,1번째 방문
무탄 광화문점,1180841237,6958,2250,0,delichem,1.4.일,저녁에 방문,1번째 방문
무탄 광화문점,1180841237,6958,2250,0,sh19,1.4.일,저녁에 방문,1번째 방문
무탄 광화문점,1180841237,6958,2250,0,최유라91,1.4.일,점심에 방문,1번째 방문
무탄 광화문점,1180841237,6958,2250,0,Toast is yummy,1.4.일,점심에 방문,1번째 방문
무탄 광화문점,1180841237,6958,2250,0,sc****,1.4.일,점심에 방문,1번째 방문
무탄 광화문점,1180841237,6958,2250,0,댕댕이다댕,1.4.일,점심에 방문,1번째 방문
무탄 광화문점,1180841237,6958,2250,0,워터에빠진멜론,1.4.일,점심에 방문,1번째 방문
무탄 광화문점,1180841237,6958,2250,0,로미91,1.4.일,점심에 방문,1번째 방문
무탄 광화문점,1180841237,6958,2250,0,임이,1.4.일,점심에 방문,1번째 방문
무탄 광화문점,1180841237,6958,2250,0,윤아6543,1.4.일,점심에 방문,1번째 방문
무탄 광화문점,1180841237,6958,2250,0,그리스로마신화39,1.3.토,저녁에 방문,1번째 방문
무탄 광화문점,1180841237,6958,2250,0,DSKO,1.3.토,저녁에 방문,1번째 방문
무탄 광화문점,1180841237,6958,2250,0,한끼도,1.3.토,저녁에 방문,1번째 방문
무탄 광화문점,1180841237,6958,2250,0,dla****,1.3.토,저녁에 방문,1번째 방문
무탄 광화문점,1180841237,6958,2250,0,on_****,1.3.토,저녁에 방문,1번째 방문
무탄 광화문점,1180841237,6958,2250,0,밍찌윤,1.3.토,저녁에 방문,1번째 방문
무탄 광화문점,1180841237,6958,2250,0,ho****,1.3.토,저녁에 방문,1번째 방문
무탄 광화문점,1180841237,6958,2250,0,20078,1.3.토,저녁에 방문,1번째 방문
무탄 광화문점,1180841237,6958,2250,0,jun****,1.3.토,저녁에 방문,1번째 방문
무탄 광화문점,1180841237,6958,2250,0,tru****,1.3.토,저녁에 방문,2번째 방문
무탄 광화문점,1180841237,6958,2250,0,yks****,1.3.토,저녁에 방문,1번째 방문
무탄 광화문점,1180841237,6958,2250,0,몽율영,1.3.토,저녁에 방문,2번째 방문
무탄 광화문점,1180841237,6958,2250,0,나난3615,1.3.토,저녁에 방문,1번째 방문
무탄 광화문점,1180841237,6958,2250,0,qpa****,1.3.토,저녁에 방문,1번째 방문
무탄 광화문점,1180841237,6958,2250,0,핑크지리7,1.3.토,저녁에 방문,1번째 방문
무탄 광화문점,1180841237,6958,2250,0,숭창이,1.3.토,점심에 방문,1번째 방문
무탄 광화문점,1180841237,6958,2250,0,mnnacom,1.3.토,점심에 방문,1번째 방문
무탄 광화문점,1180841237,6958,2250,0,주형4,1.3.토,점심에 방문,1번째 방문
무탄 광화문점,1180841237,6958,2250,0,doo****,1.3.토,점심에 방문,1번째 방문
무탄 광화문점,1180841237,6958,2250,0,jjbbr23,1.3.토,점심에 방문,3번째 방문
무탄 광화문점,1180841237,6958,2250,0,kms****,1.3.토,점심에 방문,1번째 방문
무탄 광화문점,1180841237,6958,2250,0,국산포카칩,1.3.토,점심에 방문,1번째 방문
무탄 광화문점,1180841237,6958,2250,0,섬마잇세이,1.3.토,점심에 방문,1번째 방문
무탄 광화문점,1180841237,6958,2250,0,iro****,1.3.토,점심에 방문,1번째 방문
무탄 광화문점,1180841237,6958,2250,0,young047,1.3.토,점심에 방문,1번째 방문
무탄 광화문점,1180841237,6958,2250,0,nno****,1.3.토,점심에 방문,1번째 방문
무탄 광화문점,1180841237,6958,2250,0,DYEON,1.3.토,점심에 방문,1번째 방문
무탄 광화문점,1180841237,6958,2250,0,마리385,1.3.토,점심에 방문,1번째 방문
무탄 광화문점,1180841237,6958,2250,0,yyj****,1.3.토,점심에 방문,1번째 방문
무탄 광화문점,1180841237,6958,2250,0,suk****,1.3.토,점심에 방문,1번째 방문
무탄 광화문점,1180841237,6958,2250,0,dbg****,1.3.토,점심에 방문,1번째 방문
무탄 광화문점,1180841237,6958,2250,0,zzdaahy,1.3.토,점심에 방문,3번째 방문
무탄 광화문점,1180841237,6958,2250,0,illustrator,1.2.금,저녁에 방문,1번째 방문
무탄 광화문점,1180841237,6958,2250,0,용마루9,1.2.금,저녁에 방문,1번째 방문
무탄 광화문점,1180841237,6958,2250,0,guswjdaksnf,1.2.금,저녁에 방문,1번째 방문
무탄 광화문점,1180841237,6958,2250,0,kie****,1.2.금,저녁에 방문,1번째 방문
무탄 광화문점,1180841237,6958,2250,0,노래사랑48,1.2.금,저녁에 방문,1번째 방문
무탄 광화문점,1180841237,6958,2250,0,nature7593,1.2.금,저녁에 방문,1번째 방문
무탄 광화문점,1180841237,6958,2250,0,징징72,1.2.금,점심에 방문,1번째 방문
무탄 광화문점,1180841237,6958,2250,0,okichurkey,1.2.금,점심에 방문,1번째 방문
무탄 광화문점,1180841237,6958,2250,0,지상훈385,1.2.금,점심에 방문,1번째 방문
무탄 광화문점,1180841237,6958,2250,0,하얀청년45,1.2.금,점심에 방문,1번째 방문
무탄 광화문점,1180841237,6958,2250,0,코슷코석류주스,1.1.목,저녁에 방문,1번째 방문
무탄 광화문점,1180841237,6958,2250,0,drjacknone,1.1.목,저녁에 방문,1번째 방문
무탄 광화문점,1180841237,6958,2250,0,xia****,1.1.목,저녁에 방문,1번째 방문
무탄 광화문점,1180841237,6958,2250,0,복길이44,1.1.목,저녁에 방문,1번째 방문
무탄 광화문점,1180841237,6958,2250,0,ASDFQWEOFIASDF,1.1.목,저녁에 방문,2번째 방문
무탄 광화문점,1180841237,6958,2250,0,뿌꾸뿌꾸58,1.1.목,저녁에 방문,1번째 방문
무탄 광화문점,1180841237,6958,2250,0,작가자,1.1.목,저녁에 방문,1번째 방문
무탄 광화문점,1180841237,6958,2250,0,iss****,1.1.목,저녁에 방문,1번째 방문
무탄 광화문점,1180841237,6958,2250,0,플리감성장인,1.1.목,저녁에 방문,1번째 방문
무탄 광화문점,1180841237,6958,2250,0,꺼벙이343,1.1.목,점심에 방문,1번째 방문
무탄 광화문점,1180841237,6958,2250,0,kokokorail,1.1.목,점심에 방문,1번째 방문
무탄 광화문점,1180841237,6958,2250,0,JusteenDa2E,1.1.목,점심에 방문,4번째 방문
무탄 광화문점,1180841237,6958,2250,0,xia****,1.1.목,점심에 방문,2번째 방문
무탄 광화문점,1180841237,6958,2250,0,체류지정보,1.1.목,점심에 방문,1번째 방문
무탄 광화문점,1180841237,6958,2250,0,혜림미,1.1.목,점심에 방문,1번째 방문
무탄 광화문점,1180841237,6958,2250,0,dla****,1.1.목,점심에 방문,1번째 방문
무탄 광화문점,1180841237,6958,2250,0,2ad****,1.1.목,점심에 방문,2번째 방문
무탄 광화문점,1180841237,6958,2250,0,ths****,1.1.목,점심에 방문,1번째 방문
무탄 광화문점,1180841237,6958,2250,0,잰이라구,1.1.목,점심에 방문,1번째 방문
무탄 광화문점,1180841237,6958,2250,0,탱1650,1.1.목,점심에 방문,3번째 방문
무탄 광화문점,1180841237,6958,2250,0,시간의자유,1.1.목,점심에 방문,1번째 방문
무탄 광화문점,1180841237,6958,2250,0,api****,1.1.목,점심에 방문,1번째 방문
무탄 광화문점,1180841237,6958,2250,0,흑ㄱ미모찌,25.12.31.수,저녁에 방문,1번째 방문
무탄 광화문점,1180841237,6958,2250,0,슈슈붕,25.12.31.수,저녁에 방문,1번째 방문
무탄 광화문점,1180841237,6958,2250,0,쏘로롱v,25.12.31.수,저녁에 방문,2번째 방문
무탄 광화문점,1180841237,6958,2250,0,Wonderwoman,25.12.31.수,저녁에 방문,1번째 방문
무탄 광화문점,1180841237,6958,2250,0,bla****,25.12.31.수,저녁에 방문,1번째 방문
무탄 광화문점,1180841237,6958,2250,0,tus****,25.12.31.수,저녁에 방문,1번째 방문
무탄 광화문점,1180841237,6958,2250,0,먹카이브,25.12.31.수,저녁에 방문,1번째 방문
무탄 광화문점,1180841237,6958,2250,0,Alsk13,25.12.31.수,저녁에 방문,1번째 방문
무탄 광화문점,1180841237,6958,2250,0,wlsgml92,25.12.31.수,저녁에 방문,1번째 방문
무탄 광화문점,1180841237,6958,2250,0,주희찬93,25.12.31.수,저녁에 방문,1번째 방문
무탄 광화문점,1180841237,6958,2250,0,min****,25.12.31.수,저녁에 방문,1번째 방문
무탄 광화문점,1180841237,6958,2250,0,홍교수634,25.12.31.수,저녁에 방문,1번째 방문
무탄 광화문점,1180841237,6958,2250,0,춘천일기,25.12.31.수,저녁에 방문,1번째 방문
무탄 광화문점,1180841237,6958,2250,0,kke****,25.12.31.수,점심에 방문,1번째 방문
무탄 광화문점,1180841237,6958,2250,0,lee****,25.12.31.수,점심에 방문,1번째 방문
무탄 광화문점,1180841237,6958,2250,0,ska****,25.12.31.수,점심에 방문,1번째 방문
무탄 광화문점,1180841237,6958,2250,0,불꽃아빠,25.12.31.수,점심에 방문,1번째 방문
무탄 광화문점,1180841237,6958,2250,0,ksy****,25.12.31.수,점심에 방문,1번째 방문
무탄 광화문점,1180841237,6958,2250,0,mol****,25.12.31.수,점심에 방문,2번째 방문
무탄 광화문점,1180841237,6958,2250,0,hsw0026,25.12.30.화,저녁에 방문,1번째 방문
무탄 광화문점,1180841237,6958,2250,0,냠냄다,25.12.30.화,저녁에 방문,2번째 방문
무탄 광화문점,1180841237,6958,2250,0,몸빵37,25.12.30.화,저녁에 방문,2번째 방문
무탄 광화문점,1180841237,6958,2250,0,cuc****,25.12.30.화,저녁에 방문,1번째 방문
무탄 광화문점,1180841237,6958,2250,0,지니맘8,25.12.30.화,저녁에 방문,2번째 방문
무탄 광화문점,1180841237,6958,2250,0,fls****,25.12.30.화,저녁에 방문,1번째 방문
무탄 광화문점,1180841237,6958,2250,0,하하하히87,25.12.30.화,저녁에 방문,1번째 방문
무탄 광화문점,1180841237,6958,2250,0,에린23,25.12.30.화,점심에 방문,1번째 방문
무탄 광화문점,1180841237,6958,2250,0,jej****,25.12.30.화,점심에 방문,1번째 방문
무탄 광화문점,1180841237,6958,2250,0,나나3543,25.12.30.화,점심에 방문,1번째 방문
무탄 광화문점,1180841237,6958,2250,0,커피와너와나,25.12.30.화,점심에 방문,1번째 방문
무탄 광화문점,1180841237,6958,2250,0,난나야88,25.12.29.월,저녁에 방문,1번째 방문
무탄 광화문점,1180841237,6958,2250,0,JH5049,25.12.29.월,저녁에 방문,1번째 방문
무탄 광화문점,1180841237,6958,2250,0,kms1120,25.12.29.월,저녁에 방문,1번째 방문
무탄 광화문점,1180841237,6958,2250,0,kgt****,25.12.29.월,저녁에 방문,1번째 방문
무탄 광화문점,1180841237,6958,2250,0,lin276169,25.12.29.월,저녁에 방문,1번째 방문
무탄 광화문점,1180841237,6958,2250,0,87****,25.12.29.월,저녁에 방문,1번째 방문
무탄 광화문점,1180841237,6958,2250,0,kye9907,25.12.29.월,저녁에 방문,1번째 방문
무탄 광화문점,1180841237,6958,2250,0,ㅇㅇ3854,25.12.29.월,저녁에 방문,1번째 방문
무탄 광화문점,1180841237,6958,2250,0,dyn****,25.12.29.월,점심에 방문,6번째 방문
무탄 광화문점,1180841237,6958,2250,0,방가방가,25.12.29.월,점심에 방문,1번째 방문
무탄 광화문점,1180841237,6958,2250,0,쿵쿵짝68,25.12.29.월,점심에 방문,1번째 방문
무탄 광화문점,1180841237,6958,2250,0,sym****,25.12.29.월,점심에 방문,1번째 방문
무탄 광화문점,1180841237,6958,2250,0,글루미족,25.12.29.월,점심에 방문,1번째 방문
무탄 광화문점,1180841237,6958,2250,0,ayo****,25.12.29.월,점심에 방문,1번째 방문
무탄 광화문점,1180841237,6958,2250,0,old****,25.12.28.일,저녁에 방문,1번째 방문
무탄 광화문점,1180841237,6958,2250,0,gyo****,25.12.28.일,저녁에 방문,1번째 방문
무탄 광화문점,1180841237,6958,2250,0,우주8438,25.12.28.일,저녁에 방문,1번째 방문
무탄 광화문점,1180841237,6958,2250,0,cno****,25.12.28.일,저녁에 방문,1번째 방문
무탄 광화문점,1180841237,6958,2250,0,덩이164,25.12.28.일,저녁에 방문,1번째 방문
무탄 광화문점,1180841237,6958,2250,0,ootd2,25.12.28.일,저녁에 방문,2번째 방문
무탄 광화문점,1180841237,6958,2250,0,노을2782,25.12.28.일,저녁에 방문,1번째 방문
무탄 광화문점,1180841237,6958,2250,0,div****,25.12.28.일,저녁에 방문,1번째 방문
무탄 광화문점,1180841237,6958,2250,0,먹생먹사람,25.12.28.일,점심에 방문,3번째 방문
무탄 광화문점,1180841237,6958,2250,0,주현맘3276,25.12.28.일,점심에 방문,1번째 방문
무탄 광화문점,1180841237,6958,2250,0,아티스트Roberto,25.12.28.일,점심에 방문,1번째 방문
무탄 광화문점,1180841237,6958,2250,0,sprite3787,25.12.28.일,점심에 방문,1번째 방문
무탄 광화문점,1180841237,6958,2250,0,테루62,25.12.28.일,점심에 방문,1번째 방문
무탄 광화문점,1180841237,6958,2250,0,도비2023,25.12.28.일,점심에 방문,1번째 방문
무탄 광화문점,1180841237,6958,2250,0,썬키이,25.12.28.일,점심에 방문,1번째 방문
무탄 광화문점,1180841237,6958,2250,0,빵빵순순이이,25.12.28.일,점심에 방문,1번째 방문
무탄 광화문점,1180841237,6958,2250,0,한량처럼 살란다,25.12.28.일,점심에 방문,1번째 방문
무탄 광화문점,1180841237,6958,2250,0,어토오내,25.12.28.일,점심에 방문,1번째 방문
무탄 광화문점,1180841237,6958,2250,0,hos****,25.12.28.일,점심에 방문,3번째 방문
무탄 광화문점,1180841237,6958,2250,0,Stephie12,25.12.28.일,점심에 방문,1번째 방문
무탄 광화문점,1180841237,6958,2250,0,urabadboy,25.12.28.일,점심에 방문,4번째 방문
무탄 광화문점,1180841237,6958,2250,0,복세편살2050,25.12.28.일,점심에 방문,1번째 방문
무탄 광화문점,1180841237,6958,2250,0,you****,25.12.27.토,저녁에 방문,1번째 방문
무탄 광화문점,1180841237,6958,2250,0,올릭12,25.12.27.토,저녁에 방문,1번째 방문
무탄 광화문점,1180841237,6958,2250,0,mic****,25.12.27.토,저녁에 방문,1번째 방문
무탄 광화문점,1180841237,6958,2250,0,fra****,25.12.27.토,저녁에 방문,1번째 방문
무탄 광화문점,1180841237,6958,2250,0,miiiinju,25.12.27.토,저녁에 방문,1번째 방문
무탄 광화문점,1180841237,6958,2250,0,Cristine,25.12.27.토,저녁에 방문,1번째 방문
무탄 광화문점,1180841237,6958,2250,0,임새싹73,25.12.27.토,저녁에 방문,1번째 방문
무탄 광화문점,1180841237,6958,2250,0,hye****,25.12.27.토,저녁에 방문,1번째 방문
무탄 광화문점,1180841237,6958,2250,0,lllime,25.12.27.토,저녁에 방문,1번째 방문
무탄 광화문점,1180841237,6958,2250,0,휘리93,25.12.27.토,저녁에 방문,1번째 방문
무탄 광화문점,1180841237,6958,2250,0,뽕르,25.12.27.토,저녁에 방문,1번째 방문
무탄 광화문점,1180841237,6958,2250,0,sa****,25.12.27.토,저녁에 방문,1번째 방문
무탄 광화문점,1180841237,6958,2250,0,jeatkto,25.12.27.토,저녁에 방문,1번째 방문
무탄 광화문점,1180841237,6958,2250,0,응지44,25.12.27.토,저녁에 방문,1번째 방문
무탄 광화문점,1180841237,6958,2250,0,proudasia,25.12.27.토,저녁에 방문,1번째 방문
무탄 광화문점,1180841237,6958,2250,0,강나루9226,25.12.27.토,저녁에 방문,1번째 방문
무탄 광화문점,1180841237,6958,2250,0,정명화30,25.12.27.토,저녁에 방문,1번째 방문
무탄 광화문점,1180841237,6958,2250,0,surpasssu,25.12.27.토,저녁에 방문,1번째 방문
무탄 광화문점,1180841237,6958,2250,0,tyg****,25.12.27.토,저녁에 방문,1번째 방문
무탄 광화문점,1180841237,6958,2250,0,KDY6745,25.12.27.토,점심에 방문,1번째 방문
무탄 광화문점,1180841237,6958,2250,0,ji****,25.12.27.토,점심에 방문,1번째 방문
무탄 광화문점,1180841237,6958,2250,0,ffoxx,25.12.27.토,점심에 방문,1번째 방문
무탄 광화문점,1180841237,6958,2250,0,winwins,25.12.27.토,점심에 방문,1번째 방문
무탄 광화문점,1180841237,6958,2250,0,khl1116,25.12.27.토,점심에 방문,1번째 방문
무탄 광화문점,1180841237,6958,2250,0,카링푸링,25.12.27.토,점심에 방문,1번째 방문
무탄 광화문점,1180841237,6958,2250,0,ryu****,25.12.27.토,점심에 방문,1번째 방문
무탄 광화문점,1180841237,6958,2250,0,uni****,25.12.27.토,점심에 방문,2번째 방문
무탄 광화문점,1180841237,6958,2250,0,gud****,25.12.27.토,점심에 방문,1번째 방문
무탄 광화문점,1180841237,6958,2250,0,askanies,25.12.27.토,점심에 방문,1번째 방문
무탄 광화문점,1180841237,6958,2250,0,souldiva,25.12.27.토,점심에 방문,1번째 방문
무탄 광화문점,1180841237,6958,2250,0,ill96,25.12.27.토,점심에 방문,1번째 방문
무탄 광화문점,1180841237,6958,2250,0,꺼벙,25.12.27.토,점심에 방문,1번째 방문
무탄 광화문점,1180841237,6958,2250,0,Seok2,25.12.26.금,저녁에 방문,13번째 방문
무탄 광화문점,1180841237,6958,2250,0,꼬북63,25.12.26.금,저녁에 방문,1번째 방문
무탄 광화문점,1180841237,6958,2250,0,bat****,25.12.26.금,저녁에 방문,1번째 방문
무탄 광화문점,1180841237,6958,2250,0,myo****,25.12.26.금,저녁에 방문,1번째 방문
무탄 광화문점,1180841237,6958,2250,0,매니져66,25.12.26.금,저녁에 방문,1번째 방문
무탄 광화문점,1180841237,6958,2250,0,kk****,25.12.26.금,저녁에 방문,1번째 방문
무탄 광화문점,1180841237,6958,2250,0,b47****,25.12.26.금,저녁에 방문,1번째 방문
무탄 광화문점,1180841237,6958,2250,0,Papermans,25.12.26.금,저녁에 방문,1번째 방문
무탄 광화문점,1180841237,6958,2250,0,냠2059,25.12.26.금,저녁에 방문,1번째 방문
무탄 광화문점,1180841237,6958,2250,0,wldmsl5653,25.12.26.금,저녁에 방문,1번째 방문
무탄 광화문점,1180841237,6958,2250,0,행복바이러스68,25.12.26.금,점심에 방문,1번째 방문
무탄 광화문점,1180841237,6958,2250,0,Floverg29,25.12.26.금,점심에 방문,1번째 방문
무탄 광화문점,1180841237,6958,2250,0,kitkat618,25.12.26.금,점심에 방문,1번째 방문
무탄 광화문점,1180841237,6958,2250,0,sallymander,25.12.26.금,점심에 방문,1번째 방문
무탄 광화문점,1180841237,6958,2250,0,아이미짱55,25.12.26.금,점심에 방문,1번째 방문
무탄 광화문점,1180841237,6958,2250,0,beej****,25.12.26.금,점심에 방문,1번째 방문
무탄 광화문점,1180841237,6958,2250,0,다솜27,25.12.26.금,점심에 방문,1번째 방문
무탄 광화문점,1180841237,6958,2250,0,후리지아 thdwldms20,25.12.26.금,점심에 방문,1번째 방문
무탄 광화문점,1180841237,6958,2250,0,사자왕4677,25.12.26.금,점심에 방문,1번째 방문
무탄 광화문점,1180841237,6958,2250,0,쫑이5454,25.12.26.금,점심에 방문,3번째 방문
무탄 광화문점,1180841237,6958,2250,0,블리블링0219,25.12.26.금,점심에 방문,1번째 방문
무탄 광화문점,1180841237,6958,2250,0,942****,25.12.26.금,점심에 방문,1번째 방문
무탄 광화문점,1180841237,6958,2250,0,ryg****,25.12.25.목,저녁에 방문,1번째 방문
무탄 광화문점,1180841237,6958,2250,0,eas****,25.12.25.목,저녁에 방문,1번째 방문
무탄 광화문점,1180841237,6958,2250,0,민구박사,25.12.25.목,저녁에 방문,1번째 방문
무탄 광화문점,1180841237,6958,2250,0,wes****,25.12.25.목,저녁에 방문,2번째 방문
무탄 광화문점,1180841237,6958,2250,0,Souleater88,25.12.25.목,저녁에 방문,1번째 방문
무탄 광화문점,1180841237,6958,2250,0,메나제,25.12.25.목,저녁에 방문,1번째 방문
무탄 광화문점,1180841237,6958,2250,0,짜이짜이93,25.12.25.목,저녁에 방문,1번째 방문
무탄 광화문점,1180841237,6958,2250,0,awescar,25.12.25.목,저녁에 방문,1번째 방문
무탄 광화문점,1180841237,6958,2250,0,dbstj5593,25.12.25.목,저녁에 방문,1번째 방문
무탄 광화문점,1180841237,6958,2250,0,Emily7761,25.12.25.목,저녁에 방문,1번째 방문
무탄 광화문점,1180841237,6958,2250,0,a0a75,25.12.25.목,저녁에 방문,1번째 방문
무탄 광화문점,1180841237,6958,2250,0,fl7,25.12.25.목,저녁에 방문,1번째 방문
무탄 광화문점,1180841237,6958,2250,0,akw****,25.12.25.목,저녁에 방문,1번째 방문
무탄 광화문점,1180841237,6958,2250,0,AERILEE,25.12.25.목,저녁에 방문,1번째 방문
무탄 광화문점,1180841237,6958,2250,0,dud****,25.12.25.목,저녁에 방문,1번째 방문
무탄 광화문점,1180841237,6958,2250,0,한국교육과정평가원,25.12.25.목,저녁에 방문,1번째 방문
무탄 광화문점,1180841237,6958,2250,0,김재민60,25.12.25.목,저녁에 방문,1번째 방문
무탄 광화문점,1180841237,6958,2250,0,ysl****,25.12.25.목,저녁에 방문,1번째 방문
무탄 광화문점,1180841237,6958,2250,0,seo****,25.12.25.목,점심에 방문,1번째 방문
무탄 광화문점,1180841237,6958,2250,0,양갱9169,25.12.25.목,점심에 방문,1번째 방문
무탄 광화문점,1180841237,6958,2250,0,큐티걸84,25.12.25.목,점심에 방문,1번째 방문
무탄 광화문점,1180841237,6958,2250,0,sunemo,25.12.25.목,점심에 방문,1번째 방문
무탄 광화문점,1180841237,6958,2250,0,ljs0622,25.12.25.목,점심에 방문,1번째 방문
무탄 광화문점,1180841237,6958,2250,0,haleRAVT,25.12.25.목,점심에 방문,1번째 방문
무탄 광화문점,1180841237,6958,2250,0,디오띠,25.12.25.목,점심에 방문,1번째 방문
무탄 광화문점,1180841237,6958,2250,0,beeyo,25.12.25.목,점심에 방문,1번째 방문
무탄 광화문점,1180841237,6958,2250,0,롤케이크90,25.12.25.목,점심에 방문,8번째 방문
무탄 광화문점,1180841237,6958,2250,0,sun****,25.12.25.목,점심에 방문,1번째 방문
무탄 광화문점,1180841237,6958,2250,0,swi1504,25.12.25.목,점심에 방문,1번째 방문
무탄 광화문점,1180841237,6958,2250,0,hvu****,25.12.25.목,점심에 방문,1번째 방문
무탄 광화문점,1180841237,6958,2250,0,suji277454,25.12.25.목,점심에 방문,1번째 방문
무탄 광화문점,1180841237,6958,2250,0,quaufrn,25.12.25.목,점심에 방문,1번째 방문
무탄 광화문점,1180841237,6958,2250,0,key****,25.12.25.목,점심에 방문,1번째 방문
무탄 광화문점,1180841237,6958,2250,0,크크크241,25.12.25.목,점심에 방문,1번째 방문
무탄 광화문점,1180841237,6958,2250,0,Suuuudinia,25.12.25.목,점심에 방문,1번째 방문
무탄 광화문점,1180841237,6958,2250,0,캘캘캘캣,25.12.25.목,점심에 방문,1번째 방문
무탄 광화문점,1180841237,6958,2250,0,왓슨안녕,25.12.25.목,점심에 방문,1번째 방문
무탄 광화문점,1180841237,6958,2250,0,맘맘94,25.12.25.목,점심에 방문,1번째 방문
무탄 광화문점,1180841237,6958,2250,0,jiq****,25.12.25.목,점심에 방문,2번째 방문
무탄 광화문점,1180841237,6958,2250,0,Uu51,25.12.25.목,점심에 방문,1번째 방문
무탄 광화문점,1180841237,6958,2250,0,nayaltj19,25.12.25.목,점심에 방문,1번째 방문
무탄 광화문점,1180841237,6958,2250,0,sac****,25.12.25.목,점심에 방문,1번째 방문
무탄 광화문점,1180841237,6958,2250,0,이2얏,25.12.25.목,점심에 방문,1번째 방문
무탄 광화문점,1180841237,6958,2250,0,뉴현98,25.12.25.목,점심에 방문,1번째 방문
무탄 광화문점,1180841237,6958,2250,0,mjm****,25.12.25.목,점심에 방문,1번째 방문
무탄 광화문점,1180841237,6958,2250,0,KGH75,25.12.25.목,점심에 방문,1번째 방문
무탄 광화문점,1180841237,6958,2250,0,urabadboy,25.12.25.목,점심에 방문,3번째 방문
무탄 광화문점,1180841237,6958,2250,0,daeunlys32,25.12.25.목,점심에 방문,1번째 방문
무탄 광화문점,1180841237,6958,2250,0,쥬5430,25.12.25.목,점심에 방문,1번째 방문
무탄 광화문점,1180841237,6958,2250,0,wnsgur97980,25.12.25.목,아침에 방문,1번째 방문
무탄 광화문점,1180841237,6958,2250,0,이서준3452,25.12.25.목,밤에 방문,1번째 방문
무탄 광화문점,1180841237,6958,2250,0,항상감사합나다요오,25.12.24.수,저녁에 방문,2번째 방문
무탄 광화문점,1180841237,6958,2250,0,dnd58,25.12.24.수,저녁에 방문,1번째 방문
무탄 광화문점,1180841237,6958,2250,0,rla****,25.12.24.수,저녁에 방문,1번째 방문
무탄 광화문점,1180841237,6958,2250,0,냔냐냔냔,25.12.24.수,저녁에 방문,1번째 방문
무탄 광화문점,1180841237,6958,2250,0,숨닌,25.12.24.수,저녁에 방문,1번째 방문
무탄 광화문점,1180841237,6958,2250,0,곰7113,25.12.24.수,저녁에 방문,1번째 방문
무탄 광화문점,1180841237,6958,2250,0,vin****,25.12.24.수,저녁에 방문,1번째 방문
무탄 광화문점,1180841237,6958,2250,0,LLLRY,25.12.24.수,저녁에 방문,1번째 방문
무탄 광화문점,1180841237,6958,2250,0,아코3948,25.12.24.수,저녁에 방문,1번째 방문
무탄 광화문점,1180841237,6958,2250,0,부앙80,25.12.24.수,저녁에 방문,2번째 방문
무탄 광화문점,1180841237,6958,2250,0,shine83,25.12.24.수,저녁에 방문,1번째 방문
무탄 광화문점,1180841237,6958,2250,0,SHIN 76,25.12.24.수,저녁에 방문,1번째 방문
무탄 광화문점,1180841237,6958,2250,0,하창훈784,25.12.24.수,저녁에 방문,2번째 방문
무탄 광화문점,1180841237,6958,2250,0,zsd****,25.12.24.수,저녁에 방문,1번째 방문
무탄 광화문점,1180841237,6958,2250,0,데클린,25.12.24.수,저녁에 방문,1번째 방문
무탄 광화문점,1180841237,6958,2250,0,코스모스4463,25.12.24.수,점심에 방문,1번째 방문
무탄 광화문점,1180841237,6958,2250,0,영뽀또,25.12.24.수,점심에 방문,1번째 방문
무탄 광화문점,1180841237,6958,2250,0,헤이거기7,25.12.24.수,점심에 방문,1번째 방문
무탄 광화문점,1180841237,6958,2250,0,YJP523,25.12.24.수,점심에 방문,1번째 방문
무탄 광화문점,1180841237,6958,2250,0,Ghat,25.12.24.수,점심에 방문,1번째 방문
무탄 광화문점,1180841237,6958,2250,0,예쁜이19,25.12.24.수,점심에 방문,1번째 방문
무탄 광화문점,1180841237,6958,2250,0,좋아보여49,25.12.24.수,점심에 방문,1번째 방문
무탄 광화문점,1180841237,6958,2250,0,김실장649,25.12.24.수,점심에 방문,1번째 방문
무탄 광화문점,1180841237,6958,2250,0,나요2486,25.12.23.화,저녁에 방문,1번째 방문
무탄 광화문점,1180841237,6958,2250,0,꾸꾸끼끼까까,25.12.23.화,저녁에 방문,5번째 방문
무탄 광화문점,1180841237,6958,2250,0,vvvvvvv10,25.12.23.화,저녁에 방문,1번째 방문
무탄 광화문점,1180841237,6958,2250,0,Y00U,25.12.23.화,저녁에 방문,1번째 방문
무탄 광화문점,1180841237,6958,2250,0,꿍짝짜,25.12.23.화,저녁에 방문,1번째 방문
무탄 광화문점,1180841237,6958,2250,0,지노지노11,25.12.23.화,저녁에 방문,1번째 방문
무탄 광화문점,1180841237,6958,2250,0,jhk****,25.12.23.화,저녁에 방문,1번째 방문
무탄 광화문점,1180841237,6958,2250,0,wla****,25.12.23.화,점심에 방문,1번째 방문
무탄 광화문점,1180841237,6958,2250,0,Mmia,25.12.23.화,점심에 방문,1번째 방문
무탄 광화문점,1180841237,6958,2250,0,티지88,25.12.23.화,점심에 방문,1번째 방문
무탄 광화문점,1180841237,6958,2250,0,어39,25.12.23.화,점심에 방문,1번째 방문
무탄 광화문점,1180841237,6958,2250,0,sol****,25.12.23.화,점심에 방문,1번째 방문
무탄 광화문점,1180841237,6958,2250,0,지현64,25.12.23.화,점심에 방문,1번째 방문
무탄 광화문점,1180841237,6958,2250,0,먹짱핑906,25.12.23.화,점심에 방문,1번째 방문
무탄 광화문점,1180841237,6958,2250,0,Bonniee,25.12.22.월,저녁에 방문,4번째 방문
무탄 광화문점,1180841237,6958,2250,0,메비84,25.12.22.월,저녁에 방문,1번째 방문
무탄 광화문점,1180841237,6958,2250,0,tru****,25.12.22.월,저녁에 방문,1번째 방문
무탄 광화문점,1180841237,6958,2250,0,JeeJeee,25.12.22.월,저녁에 방문,1번째 방문
무탄 광화문점,1180841237,6958,2250,0,mmtwins,25.12.22.월,저녁에 방문,1번째 방문
무탄 광화문점,1180841237,6958,2250,0,쎄사미베이글88,25.12.22.월,저녁에 방문,1번째 방문
무탄 광화문점,1180841237,6958,2250,0,woo****,25.12.22.월,저녁에 방문,1번째 방문
무탄 광화문점,1180841237,6958,2250,0,김건영1970,25.12.22.월,저녁에 방문,3번째 방문
무탄 광화문점,1180841237,6958,2250,0,gkf****,25.12.22.월,점심에 방문,1번째 방문
무탄 광화문점,1180841237,6958,2250,0,yi****,25.12.22.월,점심에 방문,1번째 방문
무탄 광화문점,1180841237,6958,2250,0,욘디니짱,25.12.22.월,점심에 방문,1번째 방문
무탄 광화문점,1180841237,6958,2250,0,young7258,25.12.22.월,점심에 방문,1번째 방문
무탄 광화문점,1180841237,6958,2250,0,sup****,25.12.22.월,점심에 방문,1번째 방문
무탄 광화문점,1180841237,6958,2250,0,뀨뷰72,25.12.22.월,점심에 방문,1번째 방문
무탄 광화문점,1180841237,6958,2250,0,abc5,25.12.21.일,저녁에 방문,1번째 방문
무탄 광화문점,1180841237,6958,2250,0,30대부린이,25.12.21.일,저녁에 방문,1번째 방문
무탄 광화문점,1180841237,6958,2250,0,hanizzang96,25.12.21.일,저녁에 방문,1번째 방문
무탄 광화문점,1180841237,6958,2250,0,jukun,25.12.21.일,저녁에 방문,1번째 방문
무탄 광화문점,1180841237,6958,2250,0,유서영63,25.12.21.일,저녁에 방문,1번째 방문
무탄 광화문점,1180841237,6958,2250,0,sksskss,25.12.21.일,저녁에 방문,1번째 방문
무탄 광화문점,1180841237,6958,2250,0,siwuno,25.12.21.일,저녁에 방문,1번째 방문
무탄 광화문점,1180841237,6958,2250,0,viewsky58,25.12.21.일,저녁에 방문,1번째 방문
무탄 광화문점,1180841237,6958,2250,0,Hahn5,25.12.21.일,저녁에 방문,1번째 방문
무탄 광화문점,1180841237,6958,2250,0,힙쟁이고양이,25.12.21.일,저녁에 방문,1번째 방문
무탄 광화문점,1180841237,6958,2250,0,ZNZ78,25.12.21.일,저녁에 방문,1번째 방문
무탄 광화문점,1180841237,6958,2250,0,램프요정27,25.12.21.일,저녁에 방문,1번째 방문
무탄 광화문점,1180841237,6958,2250,0,소금알,25.12.21.일,저녁에 방문,1번째 방문
무탄 광화문점,1180841237,6958,2250,0,lil****,25.12.21.일,저녁에 방문,1번째 방문
무탄 광화문점,1180841237,6958,2250,0,밍릴로빙,25.12.21.일,점심에 방문,1번째 방문
무탄 광화문점,1180841237,6958,2250,0,옥이네51,25.12.21.일,점심에 방문,1번째 방문
무탄 광화문점,1180841237,6958,2250,0,rereruu,25.12.21.일,점심에 방문,2번째 방문
무탄 광화문점,1180841237,6958,2250,0,la211,25.12.21.일,점심에 방문,1번째 방문
무탄 광화문점,1180841237,6958,2250,0,칙폭맨,25.12.21.일,점심에 방문,1번째 방문
무탄 광화문점,1180841237,6958,2250,0,gel****,25.12.21.일,점심에 방문,2번째 방문
무탄 광화문점,1180841237,6958,2250,0,일산살아요,25.12.21.일,점심에 방문,1번째 방문
무탄 광화문점,1180841237,6958,2250,0,양축3380,25.12.21.일,점심에 방문,1번째 방문
무탄 광화문점,1180841237,6958,2250,0,Arriety,25.12.21.일,점심에 방문,1번째 방문
무탄 광화문점,1180841237,6958,2250,0,djr****,25.12.21.일,점심에 방문,1번째 방문
무탄 광화문점,1180841237,6958,2250,0,eileen19,25.12.21.일,점심에 방문,1번째 방문
무탄 광화문점,1180841237,6958,2250,0,뚜ㄸ1,25.12.21.일,점심에 방문,2번째 방문
무탄 광화문점,1180841237,6958,2250,0,jy****,25.12.21.일,점심에 방문,1번째 방문
무탄 광화문점,1180841237,6958,2250,0,shi****,25.12.21.일,점심에 방문,1번째 방문
무탄 광화문점,1180841237,6958,2250,0,jhjh170,25.12.21.일,점심에 방문,1번째 방문
무탄 광화문점,1180841237,6958,2250,0,카오스짱,25.12.21.일,점심에 방문,1번째 방문
무탄 광화문점,1180841237,6958,2250,0,히데오짱,25.12.21.일,점심에 방문,1번째 방문
무탄 광화문점,1180841237,6958,2250,0,jg6****,25.12.20.토,저녁에 방문,1번째 방문
파티나,1047896497,44,255,0,whoknows37,1.10.토,저녁에 방문,1번째 방문
파티나,1047896497,44,255,0,환상라면,25.12.28.일,점심에 방문,1번째 방문
파티나,1047896497,44,255,0,설탕달달,25.12.18.목,저녁에 방문,1번째 방문
불래,1741718898,81,174,0,민지선10,1.9.금,저녁에 방문,1번째 방문
차이나룸 몬드리안호텔점,1607567539,517,632,0,hsyskim,25.12.11.목,저녁에 방문,1번째 방문
래빗홀버거 성수,1364948100,997,68,0,ska****,1.3.토,저녁에 방문,4번째 방문
래빗홀버거 성수,1364948100,997,68,0,rockher,25.12.25.목,저녁에 방문,1번째 방문
래빗홀버거 성수,1364948100,997,68,0,다수의 의견 중 하나,25.12.17.수,저녁에 방문,1번째 방문
래빗홀버거 성수,1364948100,997,68,0,하얀사과78,25.12.16.화,점심에 방문,1번째 방문
래빗홀버거 성수,1364948100,997,68,0,뿡빵뿡빵빵,25.12.15.월,점심에 방문,1번째 방문
한국횟집,356594687,480,926,0,토끼드롭,1.8.목,점심에 방문,1번째 방문
한국횟집,356594687,480,926,0,수원쩝쩝박사,25.12.13.토,저녁에 방문,1번째 방문
한국횟집,356594687,480,926,0,열혈영자,25.12.13.토,저녁에 방문,1번째 방문
한국횟집,356594687,480,926,0,산에살리라,25.12.10.수,저녁에 방문,1번째 방문
비스트로앤트로,1109525914,0,426,0,리비유모온스터무난구기,25.12.30.화,점심에 방문,1번째 방문
당옥,1851241547,0,738,0,닭도리탕2,1.4.일,점심에 방문,1번째 방문
당옥,1851241547,0,738,0,콩이맘2735,25.12.17.수,저녁에 방문,1번째 방문
보타르가 비노,2035135505,4,17,0,쑹쑹12,25.12.23.화,저녁에 방문,1번째 방문
보보식당,1900738947,154,19,0,내맘 쑥,25.12.20.토,밤에 방문,4번째 방문
진주섬,2012524369,0,0,0,드렁큰곰돌,1.5.월,저녁에 방문,
홍박사 생고기 강남점,1392481658,0,0,0,휘곤,25.12.22.월,저녁에 방문,1번째 방문
홍박사 생고기 강남점,1392481658,0,0,0,li****,25.12.21.일,밤에 방문,
아선재,1857978684,0,0,0,yongyongeeee,1.4.일,점심에 방문,
