식당명,카테고리,평점,리뷰수,지역,전화번호,저녁가격,위도,경도,고유ID,URL_Alias,서비스유형,상세페이지_URL
유용욱 바베큐 연구소,바베큐,4.8,268,남영,01039934729,저녁 15만원,37.5439572,126.9727818,WgsrWRcE8EOpoYVDzuBveA,yyw,DINING,https://app.catchtable.co.kr/ct/shop/yyw?type=DINING
IMOK Smoke Dining,바베큐,4.8,1488,신사,01039934729,저녁 15-22만원,37.5211262,127.0191253,GJ-Ffyc0hHpuuZ9ho_JS6A,imok,DINING,https://app.catchtable.co.kr/ct/shop/imok?type=DINING
라망시크레,컨템포러리,4.8,2709,회현,050712835380,저녁 27만원,37.5596664,126.9795418,VsD5rduELmS-Gh8gamV8Zw,lamantsecret,DINING,https://app.catchtable.co.kr/ct/shop/lamantsecret?type=DINING
Original Numbers 청담,코스요리,4.8,468,청담,050720889255,저녁 13만원,37.5250958,127.0407378,OyFrA7s3f89jANSiyNMtwg,original_numbers,DINING,https://app.catchtable.co.kr/ct/shop/original_numbers?type=DINING
앰배서더 서울 풀만 호빈,중식,4.7,96,장충동,050712835474,"점심, 저녁 동일가 11-40만원",37.5605921,127.0020938,LHkJtWrAKiexV14Xg9BWYQ,theambassador_haobin,DINING,https://app.catchtable.co.kr/ct/shop/theambassador_haobin?type=DINING
옥동식,한식,4.5,3791,합정,010,,37.5526652,126.9145171,_NcRqXWyoFy65jz7LUPCUg,okdongsik,WAITING,https://app.catchtable.co.kr/ct/shop/okdongsik?type=WAITING
소울 SOUL ,컨템포러리,4.8,1428,해방촌,050712836062,저녁 27만원,37.5453932,126.9844401,w0AwnVhMD3Oi0W1a8S_UjQ,souldining,DINING,https://app.catchtable.co.kr/ct/shop/souldining?type=DINING
SOIGNE,컨템포러리,4.8,1633,신사,050700916128,저녁 38만원,37.5196035,127.0190762,QffKWP9IJqszVJUFLrGGLg,soigneseoul,DINING,https://app.catchtable.co.kr/ct/shop/soigneseoul?type=DINING
에그앤플라워 해방촌 본점,파스타,4.4,2680,해방촌,050712836224,,37.5453932,126.9844401,GH-fb5s4R_O3VqK2Cu8qFw,eggandflour,DINING,https://app.catchtable.co.kr/ct/shop/eggandflour?type=DINING
수퍼판,퓨전음식,4.6,1331,압구정,050700915556,저녁 11- 19만원,37.524445,127.0268549,tGU0gYnQXODdNNWK031zpw,superpan,DINING,https://app.catchtable.co.kr/ct/shop/superpan?type=DINING
이타닉 가든,코스요리,4.9,2653,역삼,050700917037,저녁 37만원,37.5028813,127.0413566,yaGdSH6rp9yBcAMHm_p3qg,eatanicgarden,DINING,https://app.catchtable.co.kr/ct/shop/eatanicgarden?type=DINING
윤주당,요리주점,4.7,68,해방촌,050702692929,,37.5453594,126.9859913,zYMnPGPrmHsobzoTdKCM7A,yunjudang_,DINING,https://app.catchtable.co.kr/ct/shop/yunjudang_?type=DINING
뜨라또리아 샘킴,이탈리아음식,4.6,1330,압구정로데오,050700916335,저녁 14.9-18.9만원,37.5238115,127.03769,cCh4fnt-NSk26OSxfyvXKA,trattoriasamkim,DINING,https://app.catchtable.co.kr/ct/shop/trattoriasamkim?type=DINING
면서울,한식,4.5,1220,압구정로데오,050700918131,,37.524135,127.038998,OQJdBlM3J6Vuhd4bAWLsqA,myeonseoul,WAITING,https://app.catchtable.co.kr/ct/shop/myeonseoul?type=WAITING
오스테리아 샘킴,이탈리아음식,4.4,1644,합정,050700915035,,37.5513453,126.9109068,lusukHjkqXiloXeg-EHqfQ,samkim,DINING,https://app.catchtable.co.kr/ct/shop/samkim?type=DINING
독도16도,한식,4.9,274,서촌,050700918979,저녁1-18만원,37.5794702,126.9685771,Qb1E8D2HjH-Us_-wsdkxvQ,dokdo.16.celsius,DINING,https://app.catchtable.co.kr/ct/shop/dokdo.16.celsius?type=DINING
옥동식 그릴 송파하남,한식,4.0,244,하남,024009915,,37.5077412,127.1431612,Hn_xbznMSqRAGv0qGqDV2g,okdongsiksongpa,WAITING,https://app.catchtable.co.kr/ct/shop/okdongsiksongpa?type=WAITING
BISTROT de YOUNTVILLE,프랑스음식,4.7,2894,청담,050712835721,저녁 13.5 - 16만원,37.5260438,127.0412382,zyLDwR3vBm0V85je79tbGw,yountville,DINING,https://app.catchtable.co.kr/ct/shop/yountville?type=DINING
동경밥상 본점,장어 요리,4.7,333,부산 광안리,050713201428,,35.1483966,129.113852,mlUutpcg6VCmg0sA9W23tQ,tokyotable,WAITING,https://app.catchtable.co.kr/ct/shop/tokyotable?type=WAITING
쌤쌤쌤,아메리칸음식,4.2,2708,삼각지,050712836866,,37.5315768,126.972159,9oqBNkgZxPmoRryndwJ8kA,samsamsam_kr,WAITING,https://app.catchtable.co.kr/ct/shop/samsamsam_kr?type=WAITING
독립식당,한식,4.6,60,종로,01094087039,"점심, 저녁 동일가 3.5만원",37.5862234,126.969367,t4N_HB-1c7IYaq_O18p_IA,dokrip_sikdang,DINING,https://app.catchtable.co.kr/ct/shop/dokrip_sikdang?type=DINING
윤서울,한식,4.6,828,압구정로데오,050712835462,저녁 24만원,37.524135,127.038998,D8vP57nkI927vofs--E98w,yunseoul,DINING,https://app.catchtable.co.kr/ct/shop/yunseoul?type=DINING
도우룸 서래마을,파스타,4.5,1470,서래마을,025359386,,37.4938433,126.993367,kyUeMoQEU9v1Y8rvfVCXKA,doroom_seoraevillage,DINING,https://app.catchtable.co.kr/ct/shop/doroom_seoraevillage?type=DINING
계향각,중식,4.7,925,혜화,0236747770,,37.5820958,127.0043262,ASFnEH2k-4oL8l_s6tqH3w,heestoryfood,DINING,https://app.catchtable.co.kr/ct/shop/heestoryfood?type=DINING
드레스덴 그린,코스요리,4.6,385,청담,050700916553,저녁 27만원,37.5230216,127.0422013,5wp_gmPsghFY1cgL-Ce_BA,dresden_,DINING,https://app.catchtable.co.kr/ct/shop/dresden_?type=DINING
회현식당,일식,4.5,1686,회현,050700916264,,37.5570139,126.977707,QkbGLd99Lbkma9Lb_ezt6w,hhsd,DINING,https://app.catchtable.co.kr/ct/shop/hhsd?type=DINING
루드베키아,브런치,4.4,151,광화문,050713139386,,37.5721535,126.9778819,7DjnJacFWyaFqsZcxDaUow,rudbeckia,DINING,https://app.catchtable.co.kr/ct/shop/rudbeckia?type=DINING
회현카페,양식,4.5,101,회현,050720883814,,37.5570139,126.977707,kxBU_ftweEwytDHV_hgtHQ,Hoehyeon_Cafe,DINING,https://app.catchtable.co.kr/ct/shop/Hoehyeon_Cafe?type=DINING
도우룸 광화문,양식,4.5,767,광화문,027329386,,37.5721535,126.9778819,RIbRmp_EI9XLs1eQvVxjhw,doughroom,DINING,https://app.catchtable.co.kr/ct/shop/doughroom?type=DINING
크라운돼지,"육류,고기요리",4.5,25,신사,01095125701,,37.5185269,127.0204853,31wF-1TsEvXAULHQxX8lDg,crownpig,DINING,https://app.catchtable.co.kr/ct/shop/crownpig?type=DINING
콩두 명동,한식,4.7,680,명동,02-722-7002,저녁 7-13만원,37.5643559,126.9839826,hoaEx4SDjeafarhLsOZu4g,congdu_myeongdong,DINING,https://app.catchtable.co.kr/ct/shop/congdu_myeongdong?type=DINING
급이다른부대찌개,"찌개,전골",4.7,110,대전,050720889899,,36.3748804,127.320331,vdlFcV9pUCtsPyMRfOZxcg,geubidaleunbudaejjigae,WAITING,https://app.catchtable.co.kr/ct/shop/geubidaleunbudaejjigae?type=WAITING
이치에,이자카야,4.6,637,압구정로데오,050702692970,,37.5253741,127.0376944,3Zy6fzfNSdUHpJLWhIrG5g,ichie,DINING,https://app.catchtable.co.kr/ct/shop/ichie?type=DINING
테이블포포,코스요리,4.8,516,한남,050720881556,저녁 25만원,37.5346781,127.0052443,SfJeRjgGLZQ3GchIOiprQQ,tableforfour,DINING,https://app.catchtable.co.kr/ct/shop/tableforfour?type=DINING
코자차 kojacha,퓨전음식,4.7,402,청담,01090237771,저녁 22.5만원,37.5208702,127.055224,qZ8yy4ekxYAfP4c0G5Lb6A,kojacha,DINING,https://app.catchtable.co.kr/ct/shop/kojacha?type=DINING
까델루뽀,이탈리아음식,4.6,37,서촌,050712835475,,37.5818165,126.9714259,g-_4wFDMsy9eShiodQlpiA,CadelLupoJongno,DINING,https://app.catchtable.co.kr/ct/shop/CadelLupoJongno?type=DINING
봉래헌,한정식,4.6,234,김포공항,050700915764,저녁 11-30만원,37.5471992,126.8191229,2TlwSB8gSDMaheve7-vd0w,bongraeheon,DINING,https://app.catchtable.co.kr/ct/shop/bongraeheon?type=DINING
고료리 켄,코스요리,4.8,144,도산공원,050712836133,저녁 25만원,37.5230081,127.0348057,nu5CgGPvtvTj7GWIBYcbiA,goryori_ken,DINING,https://app.catchtable.co.kr/ct/shop/goryori_ken?type=DINING
멘야미코 청담역점,일식,5.0,1,청담,050702694326,,37.5174072,127.0513431,j7sDTRCFfnJ2X1kioUzl0w,menyamiko_cheongdam,DINING,https://app.catchtable.co.kr/ct/shop/menyamiko_cheongdam?type=DINING
무탄 여의도점,중식,4.4,604,여의도,050700917900,,37.5215212,126.9228725,g7dCHMqZxzp_qI-o8hdO3A,mutan_yeouido,DINING,https://app.catchtable.co.kr/ct/shop/mutan_yeouido?type=DINING
파티나(patina),파스타,4.7,1249,북촌,01042192935,,37.5778205,126.9883592,yAFX5nAFkbajh0CsaB6qVA,patina,DINING,https://app.catchtable.co.kr/ct/shop/patina?type=DINING
한국횟집,"회,사시미",4.6,231,중화,050700917691,,37.5970746,127.0762336,BKUdCdyn9rFGfc1olHG1wg,korea_sashimi_house,DINING,https://app.catchtable.co.kr/ct/shop/korea_sashimi_house?type=DINING
남도돼지촌,"육류,고기요리",4.5,284,삼각지,050720886508,,37.531538,126.9723985,8_7LCB4X18DSNCOotFdIXw,namdopig,WAITING,https://app.catchtable.co.kr/ct/shop/namdopig?type=WAITING
은진포차,해물(탕/찜/볶음),3.7,58,영등포,050702690119,,37.5127903,126.8937019,eIyAg2vXXAqEdvyuCGsJAw,eunjinpoca,WAITING,https://app.catchtable.co.kr/ct/shop/eunjinpoca?type=WAITING
지강한식당 압구정본점,한식,4.3,74,압구정,050712835837,,37.5263219,127.0295456,UD4iEd30LTEDkb7Kg8Gpbw,jiganghansikdang_apgujeong,WAITING,https://app.catchtable.co.kr/ct/shop/jiganghansikdang_apgujeong?type=WAITING
진주섬,"회,사시미",4.4,42,여의도,050700913848,,37.5188979,126.9319433,vcD-u_y9sAVY0JwFN9F4PA,pearlisland,DINING,https://app.catchtable.co.kr/ct/shop/pearlisland?type=DINING
보보식당 광화문점,중식,4.3,226,광화문,050718568589,,37.5721535,126.9778819,EkKP-fGeu44np0D4mtiGQg,paopaorestaurant,DINING,https://app.catchtable.co.kr/ct/shop/paopaorestaurant?type=DINING
옥돌현옥,냉면,4.5,108,가락,050702694356,,37.5015212,127.1240817,47Yb5alpxiV2yxDWltzjXg,okdolhyeonok_,WAITING,https://app.catchtable.co.kr/ct/shop/okdolhyeonok_?type=WAITING
오코메,일식,4.4,100,부산 광안리,050714862151,,35.1483154,129.1137813,vQTKrndcx-5DrJnPcCgn5Q,okome,WAITING,https://app.catchtable.co.kr/ct/shop/okome?type=WAITING
미가키,가이세키오마카세,4.9,331,청담,01057413600,저녁 31만원,37.5251906,127.0409524,sN4p1cUVaBPBQebrTBlmDg,migaki,DINING,https://app.catchtable.co.kr/ct/shop/migaki?type=DINING
을지깐깐 원그로브점,아시아음식,3.7,128,마곡,0000,,37.5609223,126.8246494,MDxVlrKoA4LSsZ2B-AsuXA,euljicanhcan_mg,WAITING,https://app.catchtable.co.kr/ct/shop/euljicanhcan_mg?type=WAITING
모노로그,가이세키오마카세,4.8,545,청담,01042287226,저녁 35만원,37.5233218,127.0441055,OtHeF82u5ueYGL9ojnxJQA,monologue,DINING,https://app.catchtable.co.kr/ct/shop/monologue?type=DINING
래빗홀버거 성수,햄버거,5.0,8,성수,024640424,,37.5461358,127.0472014,wRDg9jIHQZ9-zXPukepgeQ,rabbitholeburger_ss,DINING,https://app.catchtable.co.kr/ct/shop/rabbitholeburger_ss?type=DINING
주마등,요리주점,3.9,167,을지로,050702691164,,37.5653486,126.9914005,_816RaF38ojYwtbm2gGTTQ,jumadeung,WAITING,https://app.catchtable.co.kr/ct/shop/jumadeung?type=WAITING
보타르가 비노,이탈리아음식,4.9,171,청담,01046491826,,37.5223586,127.0443156,tMyRIUwbP7Zmk2LBmLd0MA,bottargavino,DINING,https://app.catchtable.co.kr/ct/shop/bottargavino?type=DINING
더 이탈리안 클럽 현대 무역센터점,이탈리아음식,4.5,116,삼성,050700913402,,37.5086329,127.0598879,_BnEVY8ArzKSNlrc9Y6wpQ,italian_club,DINING,https://app.catchtable.co.kr/ct/shop/italian_club?type=DINING
깐깐 스타필드에비뉴그랑서울점,베트남음식,2.0,3,광화문,000000000111,,37.57096,126.9814392,WTW_HKSvFq4gah904mK7yQ,canhcanhgranseoul,WAITING,https://app.catchtable.co.kr/ct/shop/canhcanhgranseoul?type=WAITING
랑빠스81,프랑스음식,4.6,54,연남,050700915900,,37.5602685,126.9251662,ElnvFlymOTTxR-mTIBBwCQ,limpasse81,DINING,https://app.catchtable.co.kr/ct/shop/limpasse81?type=DINING
죠죠 판교아브뉴프랑점,일식,4.8,4,판교,03180396444,,37.3973208,127.1135623,kgSgTQT4zLVMnPDayKFKrQ,jyojyo_pangyo,DINING,https://app.catchtable.co.kr/ct/shop/jyojyo_pangyo?type=DINING
대동옥 을지로 본점,한식,4.4,232,을지로,01071641241,,37.565968,126.9910616,jRDw5Rwz5tk9_TACpr44Ag,eoehddhr,WAITING,https://app.catchtable.co.kr/ct/shop/eoehddhr?type=WAITING
동경밥상 제주점,한식,4.6,375,제주 제주시,050700912749,,33.4853785,126.4080326,sqvMXyY2y2FLv1RG4_GSmA,dgbabsangjj,WAITING,https://app.catchtable.co.kr/ct/shop/dgbabsangjj?type=WAITING
여의주 훠궈관,중식,4.7,162,을지로,01041898210,,37.5657466,126.9910635,1Car4U20bTv84TLlXiAGtw,yeouijuhuoguo,DINING,https://app.catchtable.co.kr/ct/shop/yeouijuhuoguo?type=DINING
어물전 청 한남점,한식,4.6,1248,한남,050700913121,점심 저녁 동일가 8.9만원,37.5377494,127.0049992,dN2HdyoZHiFKpTWY6IpV2A,eomuljeonchunghannam,DINING,https://app.catchtable.co.kr/ct/shop/eomuljeonchunghannam?type=DINING
힙한식,한식,4.6,299,남해,050720886540,,34.7286468,128.0315392,eaIsDM4OUx3QUVzLimDlOA,HiphansikNamhae,WAITING,https://app.catchtable.co.kr/ct/shop/HiphansikNamhae?type=WAITING
만가타,유러피안음식,4.8,880,삼청,050700917851,"점심, 저녁 동일가 7.7만원",37.58019,126.9809915,O5XWnBlWMY7T0mLB-Sjl2g,kdh_mangata,DINING,https://app.catchtable.co.kr/ct/shop/kdh_mangata?type=DINING
무탄 광화문점,중식,4.5,1017,광화문,050718569284,,37.5696647,126.9721401,IN_KONj-bgu6J1oE-3IYSg,mutan_gwanghwamoon,WAITING,https://app.catchtable.co.kr/ct/shop/mutan_gwanghwamoon?type=WAITING
더이탈리안 클럽 판교 테크원점,이탈리아음식,4.5,1255,판교,050700918864,,37.3954648,127.1121136,UA5xpg9DRjWUk-UYrM_ODg,coresociety2021,DINING,https://app.catchtable.co.kr/ct/shop/coresociety2021?type=DINING
소바쥬,일식,4.9,653,마포,050700912753,저녁 8만원,37.5412649,126.9462973,TgdqdvK4tx1ipytPfrFEKA,sauvage,DINING,https://app.catchtable.co.kr/ct/shop/sauvage?type=DINING
무탄 코엑스점,중식,4.3,1421,코엑스,050700913033,,37.5116621,127.0594275,HtUf0-hdkmaRUhCHBeEF1g,mutandining,WAITING,https://app.catchtable.co.kr/ct/shop/mutandining?type=WAITING
죠죠 용산점,일식,4.6,1724,신용산,01033788757,,37.531607,126.9698617,MAWhHEPudR1srxYxUA0gNQ,jyojyo_yongsan,WAITING,https://app.catchtable.co.kr/ct/shop/jyojyo_yongsan?type=WAITING
동보성 본점,중식,5.0,1,선릉,050700915025,,37.5043884,127.0499893,OL4rZAbv8LoVsmEFErFNSA,dongbosung,DINING,https://app.catchtable.co.kr/ct/shop/dongbosung?type=DINING
서울다이닝,코스요리,4.7,1447,장충동,050712835250,저녁 15만원,37.5592753,127.0036307,nUwMQiFcxAw0YWNVrWsFiw,seoul-dining,DINING,https://app.catchtable.co.kr/ct/shop/seoul-dining?type=DINING
아이스크림 소사이어티,"카페,디저트",4.4,7,반포,01090837345,,37.5039351,127.002413,mDBB_QNrzIz9wb9av6NfZg,ice_cream_society,WAITING,https://app.catchtable.co.kr/ct/shop/ice_cream_society?type=WAITING
래빗홀버거 건대,햄버거,4.0,1,화양,050718569949,,37.5460451,127.0765434,yrGaTrFNSNBE2v_Se5Hj3A,rabbitholeburger,WAITING,https://app.catchtable.co.kr/ct/shop/rabbitholeburger?type=WAITING
칸세이 Kansei,컨템포러리,4.8,209,가락,07082110231,,37.4965052,127.1211315,LrA2xKcwUzzgxe8GtMQr4g,kanseiseoul,DINING,https://app.catchtable.co.kr/ct/shop/kanseiseoul?type=DINING
오이너구리,와인,5.0,32,보광,050700918870,,37.5258016,126.9969726,IXiPkeYk0LH1mpgtXRuasQ,cucumberraccoon,DINING,https://app.catchtable.co.kr/ct/shop/cucumberraccoon?type=DINING
크라운돼지 제주점,"육류,고기요리",3.7,26,제주 제주시,050720889295,,33.3931794,126.383177,AVSpZHD1iRqBG11vc_9_Vw,crownpig_jeju,DINING,https://app.catchtable.co.kr/ct/shop/crownpig_jeju?type=DINING
히카리모노,일식,4.4,278,광화문,01099257226,,37.57096,126.9814392,l9AG8mKwguGd7hP0FWJK_Q,hikarimono,DINING,https://app.catchtable.co.kr/ct/shop/hikarimono?type=DINING
헤키,일식,4.8,3564,망원,07077739870,,37.5552383,126.9097924,rCZ0zUIX8MFNuFJkxfVJPg,haruheki,WAITING,https://app.catchtable.co.kr/ct/shop/haruheki?type=WAITING
스시사카바 갓포아키,이자카야,4.5,484,제주 제주시,050712835653,,33.4852308,126.4885717,ciMTJDNYxR1G3r7_LN7vtQ,kappoakiijj,DINING,https://app.catchtable.co.kr/ct/shop/kappoakiijj?type=DINING
홍박사 생고기 강남점,"육류,고기요리",4.6,319,논현,050712837005,,37.5190503,127.0279875,zvtLMSoLvYB1n6jkpXygvw,hong_meat,DINING,https://app.catchtable.co.kr/ct/shop/hong_meat?type=DINING
어물전 청 잠실점,한식,4.5,2440,잠실,050700916639,"주말 점심, 저녁 동일가 8.9만원",37.513871,127.1063644,FlNPILOOQXh-ytn9mqPLyg,eomuljeonchung_jamsil,DINING,https://app.catchtable.co.kr/ct/shop/eomuljeonchung_jamsil?type=DINING
죠죠 대학로점,일식,4.5,30,혜화,01083198684,,37.5828674,127.0001562,-xYbyEWX1F1fYWMwFQ_6Xw,jojo_daehakro,WAITING,https://app.catchtable.co.kr/ct/shop/jojo_daehakro?type=WAITING
죠죠 트리플스트리트점,일식,4.2,131,송도,050720882890,,37.3797884,126.6609571,ybg1vUY0sxkgqjOcZhAErw,sksskdi20707,WAITING,https://app.catchtable.co.kr/ct/shop/sksskdi20707?type=WAITING
갓포아키 삼성점,이자카야,4.7,2104,삼성,0262038660,,37.5088359,127.064558,UPSUKUfZTufZkM5KkgdA4g,kappoakiicd,DINING,https://app.catchtable.co.kr/ct/shop/kappoakiicd?type=DINING
무스,,0.0,0,마포,01099057325,,37.5458,126.9412426,ugYfFGAuStwWM3JGNYr7sw,mus_,DINING,https://app.catchtable.co.kr/ct/shop/mus_?type=DINING
더이탈리안 클럽,이탈리아음식,4.4,2528,잠실,01034562928,,37.513871,127.1063644,9Ch2kAPlXkYG2oMd7g2pHw,italianclub,DINING,https://app.catchtable.co.kr/ct/shop/italianclub?type=DINING
신안가옥,"육류,고기요리",4.6,166,논현,0262470101,,37.5188147,127.0277795,X-pOZZYdTC_tM2Tgt5CXww,shinan_gaok,DINING,https://app.catchtable.co.kr/ct/shop/shinan_gaok?type=DINING
키이로,일식,4.8,2127,가로수길,01053546912,,37.5196035,127.0190762,x5znKYoSpLq9uGvmpj02aw,kiro,DINING,https://app.catchtable.co.kr/ct/shop/kiro?type=DINING
죠죠 성수점,일식,4.6,1876,성수,050713288757,,37.5414821,127.0609786,OW0KX2t72YQadIcwKuTPIQ,jyojyo,WAITING,https://app.catchtable.co.kr/ct/shop/jyojyo?type=WAITING
어물전 팔도,한식,4.5,130,한남,01099157253,저녁 10만원,37.5377494,127.0049992,15eqbIQ3jXklsdTA5Z6oGw,boyangsikdang,DINING,https://app.catchtable.co.kr/ct/shop/boyangsikdang?type=DINING
이태원 실비디스코,요리주점,4.1,187,이태원,07086912298,,37.5339504,126.9957801,el_DoZ_kv30-ucnREPLHwA,itaewon_silby,DINING,https://app.catchtable.co.kr/ct/shop/itaewon_silby?type=DINING
을지깐깐,베트남음식,4.3,144,을지로,01054216788,,37.5657466,126.9910635,0_TFVXAl0wimoiqSj8ESiw,euljicanhcanh,WAITING,https://app.catchtable.co.kr/ct/shop/euljicanhcanh?type=WAITING
몽도 (Mòndo) ,이탈리아음식,4.8,637,신사,07088078000,저녁 2~7만원,37.5135999,127.0163095,DEfepjqMv_56SjUGSoj9wQ,mondoseoul,DINING,https://app.catchtable.co.kr/ct/shop/mondoseoul?type=DINING
쌤쌤쌤 광화문,양식,4.3,256,광화문,050714268222,,37.5710184,126.9789694,fZPRdJYLIrW-HcujZdNEXQ,samsamsam,WAITING,https://app.catchtable.co.kr/ct/shop/samsamsam?type=WAITING
최강달인 김혜규의 뼈대있는 짬뽕,중식,0.0,0,대구 서구,0535218889,,35.8648211,128.5608385,uJ-rqF8C5r32lb-53ekCEg,handmade_noodls,DINING,https://app.catchtable.co.kr/ct/shop/handmade_noodls?type=DINING
무탄 파주 스타필드점,중식,4.2,225,파주,03180357470,,37.7290593,126.7647414,HhULzKgX6cYWRPEE_ABZFQ,mutanpaju,DINING,https://app.catchtable.co.kr/ct/shop/mutanpaju?type=DINING
무탄 압구정 본점,중식,4.5,422,압구정,050712835361,,37.5273088,127.0303297,B9I0rwEhaOx6VstNzW5_AA,mutan,DINING,https://app.catchtable.co.kr/ct/shop/mutan?type=DINING
숯. 더 붓처스 엣지,다이닝바,4.4,169,여의도,050712837487,저녁 19.8만원,37.5255723,126.9266142,WAbh3jo5Ohk8q1zq_7EZ7Q,37grillandbar,DINING,https://app.catchtable.co.kr/ct/shop/37grillandbar?type=DINING
온하루 사랑방: 호빵과 가배,카페 & 베이커리,4.8,12,서촌,050702691231,2024.11.15 ~ 2024.11.16,37.5805153,126.9734049,1HYGmYeEs13UKDYVJQDZaA,Y2F0Y2hfMkFGSFJsR2RSazVteTRKbktJcXFvUT09,DINING,https://app.catchtable.co.kr/ct/shop/Y2F0Y2hfMkFGSFJsR2RSazVteTRKbktJcXFvUT09?type=DINING
지강한식당 잠실점,한식,4.3,89,잠실,050712835772,,37.513871,127.1063644,Jw9SPPha8l_4Iozg6YDphg,Jikang_Korean_Restaurant_jamsil,WAITING,https://app.catchtable.co.kr/ct/shop/Jikang_Korean_Restaurant_jamsil?type=WAITING
온6.5,다이닝바,4.5,1509,안국,050700919464,,37.5773758,126.9842814,47jHT01fp_nCI0cT-mo03Q,on65,DINING,https://app.catchtable.co.kr/ct/shop/on65?type=DINING
쌤쌤쌤 롯데월드몰,이탈리아음식,4.0,47,잠실,050702691073,,37.5125702,127.1025625,rxf5-Xu0ISkC96KlQxJ6nQ,samsamsamslotte,WAITING,https://app.catchtable.co.kr/ct/shop/samsamsamslotte?type=WAITING
페리지 (PERIGEE),이탈리아음식,4.8,1825,삼성,050702691682,저녁 18만원,37.5112514,127.049499,zHjkN5ZDFnWI3t1llNAFqQ,perigee_seoul,DINING,https://app.catchtable.co.kr/ct/shop/perigee_seoul?type=DINING
보보식당,중식,4.5,2876,압구정,050700919476,"점심, 저녁 동일가 1-19만원",37.5278619,127.0363122,yd_i8XIlFJAZvFphm7eqYg,bobo,DINING,https://app.catchtable.co.kr/ct/shop/bobo?type=DINING
중식당 청 한남점,중식,4.4,190,한남,050700917734,저녁 1 - 12만원,37.5353773,127.0100584,TmcLOhOhpWswkRgioxBM5Q,chung_hn,DINING,https://app.catchtable.co.kr/ct/shop/chung_hn?type=DINING
바 라핀부쉬,다이닝바,4.6,197,이태원,050702692963,,37.5339879,126.9959424,TyrfNC083neKmJsTFeRtTw,lafinebouche,DINING,https://app.catchtable.co.kr/ct/shop/lafinebouche?type=DINING
호시우보 여의도본점(TP타워),소고기구이,4.6,397,여의도,050702693903,,37.5215212,126.9228725,YItOsLu79zi_ricJStq8Xg,hosiubo,DINING,https://app.catchtable.co.kr/ct/shop/hosiubo?type=DINING
라오삐약 신용산점,아시아음식,0.0,0,용리단길,050702691844,,37.5310833,126.9710259,QuOZsGNicVkVQ-_shYZiqQ,laopiyak_shinsongsan,WAITING,https://app.catchtable.co.kr/ct/shop/laopiyak_shinsongsan?type=WAITING
뽀모,이탈리아음식,4.8,127,대치,050714664024,,37.4995951,127.0516542,o4E71-truy03LSrUxSCzHA,pomo,DINING,https://app.catchtable.co.kr/ct/shop/pomo?type=DINING
라오삐약,아시아음식,5.0,18,망원,050702691858,,37.552737,126.9044441,AJABslvG8AcZSYW9eWQqxg,laoppiyag,DINING,https://app.catchtable.co.kr/ct/shop/laoppiyag?type=DINING
멘쇼쿠,라멘,0.0,0,신사,01055457226,,37.5154134,127.0188518,qhCMoUluotsaz5d20IPKYg,menshoku,WAITING,https://app.catchtable.co.kr/ct/shop/menshoku?type=WAITING
동남방앗간 한남,이탈리아음식,4.6,451,한남,050700916108,,37.5337671,127.0098359,kDGDZdffFIO-NhWwwcS-fQ,dongnam,DINING,https://app.catchtable.co.kr/ct/shop/dongnam?type=DINING
비스트로 앤트로,컨템포러리,4.6,874,압구정,050700916154,,37.5231333,127.0271657,U6-uL_L8_eQi8mIwhEBw_w,bistroanthro,DINING,https://app.catchtable.co.kr/ct/shop/bistroanthro?type=DINING
포그,피자,0.0,0,마포,0000,,37.5464913,126.9429879,32yIVkTLDMd0ritm1KBf8Q,pog_seoul1,WAITING,https://app.catchtable.co.kr/ct/shop/pog_seoul1?type=WAITING
당옥,카페 & 베이커리,0.0,0,가로수길,050713791276,,37.5201006,127.0204676,NI4Q0lsywMcx_ZLQeYYGqQ,dangok,DINING,https://app.catchtable.co.kr/ct/shop/dangok?type=DINING
양출서울,와인,4.8,278,논현,050712839174,저녁 5.5-7.5만원,37.5166188,127.0324593,0Xlx3ig_ENtDIltN67m7Jg,yangchulseoul,DINING,https://app.catchtable.co.kr/ct/shop/yangchulseoul?type=DINING
불래,컨템포러리,4.7,429,한남,050700919690,,37.5346197,127.0088244,RCe-bF5Qk8-1dK7hU_Ug5A,bruleeseoul,DINING,https://app.catchtable.co.kr/ct/shop/bruleeseoul?type=DINING
차이나룸 몬드리안 호텔,중식,4.6,670,이태원,050700916209,,37.5285648,126.9931163,18kG8eLryMk3nbF8SisptQ,chinaroom_mh,DINING,https://app.catchtable.co.kr/ct/shop/chinaroom_mh?type=DINING
테디뵈르하우스,"카페,디저트",4.4,34,삼각지,050713798667,,37.5316045,126.9725361,lkWRL3fHjgnDg-Ox1KJ2vQ,teddybeurrehouse,WAITING,https://app.catchtable.co.kr/ct/shop/teddybeurrehouse?type=WAITING
레스토랑 온 ON,프랑스음식,4.9,388,청담,050712835608,,37.5219933,127.0494134,jXozZSpto6RADElB4WH1OQ,restauranton,DINING,https://app.catchtable.co.kr/ct/shop/restauranton?type=DINING
호루몬,코스요리,4.7,441,도산공원,050700913587,,37.5230206,127.0344719,M201Ig6UxXOIArecv9WCzA,horumon,DINING,https://app.catchtable.co.kr/ct/shop/horumon?type=DINING
타카 스키야키&우나기,일식,4.7,2365,이태원,050712835058,저녁 15만원,37.5285648,126.9931163,GANCwzahF1wJOWg_CGcHxA,taka,DINING,https://app.catchtable.co.kr/ct/shop/taka?type=DINING
외포리 숯불장어,장어 요리,5.0,2,인천,050702692833,,37.7044339,126.3684103,lnEjdm2e3_3sQ9R8SsSyyw,oepolisuchbuljangeo,DINING,https://app.catchtable.co.kr/ct/shop/oepolisuchbuljangeo?type=DINING
수인 인사동 닭한마리,"닭,오리요리",4.5,100,인사동,050712834649,,37.5747933,126.9861953,6DAHJ3DhIkvjf30yGrk68A,suin_seoul,DINING,https://app.catchtable.co.kr/ct/shop/suin_seoul?type=DINING
